timestamp,cpu_idx,processed,dropped,time_squeeze
1776516888.312170044,0,0x0003cf97,0x00000000,0x00000000
1776516888.312170044,1,0x00024ead,0x00000000,0x00000000
1776516888.312170044,2,0x00036d09,0x00000000,0x00000000
1776516888.312170044,3,0x00030de3,0x00000000,0x00000000
1776516888.312170044,4,0x00033b8c,0x00000000,0x00000000
1776516888.312170044,5,0x00033252,0x00000000,0x00000000
1776516888.312170044,6,0x00033118,0x00000000,0x00000000
1776516888.312170044,7,0x000347ae,0x00000000,0x00000000
1776516888.312170044,8,0x00026fda,0x00000000,0x00000000
1776516888.312170044,9,0x0004022f,0x00000000,0x00000000
1776516888.312170044,10,0x00038051,0x00000000,0x00000000
1776516888.312170044,11,0x0013bd1c,0x00000000,0x00000000
1776516888.312170044,12,0x00035150,0x00000000,0x00000000
1776516888.312170044,13,0x000379fb,0x00000000,0x00000000
1776516888.312170044,14,0x0002b9d4,0x00000000,0x00000000
1776516888.312170044,15,0x00040657,0x00000000,0x00000000
1776516888.312170044,16,0x000003ef,0x00000000,0x00000000
1776516888.312170044,17,0x00000308,0x00000000,0x00000000
1776516888.312170044,18,0x000002d2,0x00000000,0x00000000
1776516888.312170044,19,0x0000029a,0x00000000,0x00000000
1776516889.376808398,0,0x0003cfb0,0x00000000,0x00000000
1776516889.376808398,1,0x00024eaf,0x00000000,0x00000000
1776516889.376808398,2,0x00036d1a,0x00000000,0x00000000
1776516889.376808398,3,0x00030de9,0x00000000,0x00000000
1776516889.376808398,4,0x00033ba5,0x00000000,0x00000000
1776516889.376808398,5,0x00033252,0x00000000,0x00000000
1776516889.376808398,6,0x0003312f,0x00000000,0x00000000
1776516889.376808398,7,0x000347b3,0x00000000,0x00000000
1776516889.376808398,8,0x00026fdc,0x00000000,0x00000000
1776516889.376808398,9,0x00040242,0x00000000,0x00000000
1776516889.376808398,10,0x00038059,0x00000000,0x00000000
1776516889.376808398,11,0x0013bd7b,0x00000000,0x00000000
1776516889.376808398,12,0x00035152,0x00000000,0x00000000
1776516889.376808398,13,0x000379fb,0x00000000,0x00000000
1776516889.376808398,14,0x0002b9e7,0x00000000,0x00000000
1776516889.376808398,15,0x0004067c,0x00000000,0x00000000
1776516889.376808398,16,0x0000040f,0x00000000,0x00000000
1776516889.376808398,17,0x0000032a,0x00000000,0x00000000
1776516889.376808398,18,0x000002fa,0x00000000,0x00000000
1776516889.376808398,19,0x000002ad,0x00000000,0x00000000
1776516890.442971832,0,0x0003cfd3,0x00000000,0x00000000
1776516890.442971832,1,0x00024ebe,0x00000000,0x00000000
1776516890.442971832,2,0x00036d34,0x00000000,0x00000000
1776516890.442971832,3,0x00030def,0x00000000,0x00000000
1776516890.442971832,4,0x00033bbf,0x00000000,0x00000000
1776516890.442971832,5,0x00033256,0x00000000,0x00000000
1776516890.442971832,6,0x00033141,0x00000000,0x00000000
1776516890.442971832,7,0x000347b4,0x00000000,0x00000000
1776516890.442971832,8,0x00026fee,0x00000000,0x00000000
1776516890.442971832,9,0x00040242,0x00000000,0x00000000
1776516890.442971832,10,0x00038070,0x00000000,0x00000000
1776516890.442971832,11,0x0013bdfd,0x00000000,0x00000000
1776516890.442971832,12,0x0003516b,0x00000000,0x00000000
1776516890.442971832,13,0x000379fd,0x00000000,0x00000000
1776516890.442971832,14,0x0002ba00,0x00000000,0x00000000
1776516890.442971832,15,0x00040687,0x00000000,0x00000000
1776516890.442971832,16,0x0000043e,0x00000000,0x00000000
1776516890.442971832,17,0x0000034c,0x00000000,0x00000000
1776516890.442971832,18,0x00000315,0x00000000,0x00000000
1776516890.442971832,19,0x000002ca,0x00000000,0x00000000
1776516891.506210873,0,0x0003cfd9,0x00000000,0x00000000
1776516891.506210873,1,0x00024ec7,0x00000000,0x00000000
1776516891.506210873,2,0x00036d5f,0x00000000,0x00000000
1776516891.506210873,3,0x00030e02,0x00000000,0x00000000
1776516891.506210873,4,0x00033bf5,0x00000000,0x00000000
1776516891.506210873,5,0x0003325e,0x00000000,0x00000000
1776516891.506210873,6,0x0003318e,0x00000000,0x00000000
1776516891.506210873,7,0x000347bc,0x00000000,0x00000000
1776516891.506210873,8,0x00027009,0x00000000,0x00000000
1776516891.506210873,9,0x00040251,0x00000000,0x00000000
1776516891.506210873,10,0x00038108,0x00000000,0x00000000
1776516891.506210873,11,0x0013be44,0x00000000,0x00000000
1776516891.506210873,12,0x00035176,0x00000000,0x00000000
1776516891.506210873,13,0x000379ff,0x00000000,0x00000000
1776516891.506210873,14,0x0002ba90,0x00000000,0x00000000
1776516891.506210873,15,0x00040690,0x00000000,0x00000000
1776516891.506210873,16,0x0000049c,0x00000000,0x00000000
1776516891.506210873,17,0x00000382,0x00000000,0x00000000
1776516891.506210873,18,0x0000033d,0x00000000,0x00000000
1776516891.506210873,19,0x000002d5,0x00000000,0x00000000
1776516892.568972108,0,0x0003cfe3,0x00000000,0x00000000
1776516892.568972108,1,0x00024ec7,0x00000000,0x00000000
1776516892.568972108,2,0x00036d76,0x00000000,0x00000000
1776516892.568972108,3,0x00030e51,0x00000000,0x00000000
1776516892.568972108,4,0x00033c37,0x00000000,0x00000000
1776516892.568972108,5,0x00033271,0x00000000,0x00000000
1776516892.568972108,6,0x000331b8,0x00000000,0x00000000
1776516892.568972108,7,0x000347c3,0x00000000,0x00000000
1776516892.568972108,8,0x0002700f,0x00000000,0x00000000
1776516892.568972108,9,0x00040251,0x00000000,0x00000000
1776516892.568972108,10,0x00038127,0x00000000,0x00000000
1776516892.568972108,11,0x0013beb7,0x00000000,0x00000000
1776516892.568972108,12,0x00035176,0x00000000,0x00000000
1776516892.568972108,13,0x00037a00,0x00000000,0x00000000
1776516892.568972108,14,0x0002baa6,0x00000000,0x00000000
1776516892.568972108,15,0x00040690,0x00000000,0x00000000
1776516892.568972108,16,0x0000053c,0x00000000,0x00000000
1776516892.568972108,17,0x000003cd,0x00000000,0x00000000
1776516892.568972108,18,0x000003fb,0x00000000,0x00000000
1776516892.568972108,19,0x0000030d,0x00000000,0x00000000
1776516893.633233599,0,0x0003d011,0x00000000,0x00000000
1776516893.633233599,1,0x00024ed2,0x00000000,0x00000000
1776516893.633233599,2,0x00036da3,0x00000000,0x00000000
1776516893.633233599,3,0x00030e5a,0x00000000,0x00000000
1776516893.633233599,4,0x00033c58,0x00000000,0x00000000
1776516893.633233599,5,0x0003335d,0x00000000,0x00000000
1776516893.633233599,6,0x000331cf,0x00000000,0x00000000
1776516893.633233599,7,0x000347c3,0x00000000,0x00000000
1776516893.633233599,8,0x0002700f,0x00000000,0x00000000
1776516893.633233599,9,0x00040251,0x00000000,0x00000000
1776516893.633233599,10,0x00038138,0x00000000,0x00000000
1776516893.633233599,11,0x0013bf22,0x00000000,0x00000000
1776516893.633233599,12,0x0003517e,0x00000000,0x00000000
1776516893.633233599,13,0x00037a1a,0x00000000,0x00000000
1776516893.633233599,14,0x0002bb4e,0x00000000,0x00000000
1776516893.633233599,15,0x000406a5,0x00000000,0x00000000
1776516893.633233599,16,0x000005b2,0x00000000,0x00000000
1776516893.633233599,17,0x0000042a,0x00000000,0x00000000
1776516893.633233599,18,0x0000042c,0x00000000,0x00000000
1776516893.633233599,19,0x0000032e,0x00000000,0x00000000
1776516894.705600434,0,0x0003d024,0x00000000,0x00000000
1776516894.705600434,1,0x00024f1e,0x00000000,0x00000000
1776516894.705600434,2,0x00036e04,0x00000000,0x00000000
1776516894.705600434,3,0x00030e5a,0x00000000,0x00000000
1776516894.705600434,4,0x00033c58,0x00000000,0x00000000
1776516894.705600434,5,0x000333ca,0x00000000,0x00000000
1776516894.705600434,6,0x000331cf,0x00000000,0x00000000
1776516894.705600434,7,0x000347c7,0x00000000,0x00000000
1776516894.705600434,8,0x00027019,0x00000000,0x00000000
1776516894.705600434,9,0x00040251,0x00000000,0x00000000
1776516894.705600434,10,0x0003813a,0x00000000,0x00000000
1776516894.705600434,11,0x0013bf9f,0x00000000,0x00000000
1776516894.705600434,12,0x00035183,0x00000000,0x00000000
1776516894.705600434,13,0x00037a1a,0x00000000,0x00000000
1776516894.705600434,14,0x0002bb4e,0x00000000,0x00000000
1776516894.705600434,15,0x000406a6,0x00000000,0x00000000
1776516894.705600434,16,0x00000635,0x00000000,0x00000000
1776516894.705600434,17,0x000004be,0x00000000,0x00000000
1776516894.705600434,18,0x000004b3,0x00000000,0x00000000
1776516894.705600434,19,0x0000039b,0x00000000,0x00000000
1776516895.779088066,0,0x0003d05f,0x00000000,0x00000000
1776516895.779088066,1,0x00024f1e,0x00000000,0x00000000
1776516895.779088066,2,0x00036e10,0x00000000,0x00000000
1776516895.779088066,3,0x00030eb1,0x00000000,0x00000000
1776516895.779088066,4,0x00033cc5,0x00000000,0x00000000
1776516895.779088066,5,0x000333d2,0x00000000,0x00000000
1776516895.779088066,6,0x00033243,0x00000000,0x00000000
1776516895.779088066,7,0x000347ca,0x00000000,0x00000000
1776516895.779088066,8,0x00027058,0x00000000,0x00000000
1776516895.779088066,9,0x0004025a,0x00000000,0x00000000
1776516895.779088066,10,0x0003813c,0x00000000,0x00000000
1776516895.779088066,11,0x0013c027,0x00000000,0x00000000
1776516895.779088066,12,0x000351a1,0x00000000,0x00000000
1776516895.779088066,13,0x00037a1a,0x00000000,0x00000000
1776516895.779088066,14,0x0002bb73,0x00000000,0x00000000
1776516895.779088066,15,0x000406a6,0x00000000,0x00000000
1776516895.779088066,16,0x00000677,0x00000000,0x00000000
1776516895.779088066,17,0x000004fe,0x00000000,0x00000000
1776516895.779088066,18,0x000004e8,0x00000000,0x00000000
1776516895.779088066,19,0x000003c0,0x00000000,0x00000000
1776516896.835601591,0,0x0003d05f,0x00000000,0x00000000
1776516896.835601591,1,0x00024f46,0x00000000,0x00000000
1776516896.835601591,2,0x00036e4a,0x00000000,0x00000000
1776516896.835601591,3,0x00030eb1,0x00000000,0x00000000
1776516896.835601591,4,0x00033cd3,0x00000000,0x00000000
1776516896.835601591,5,0x000333fb,0x00000000,0x00000000
1776516896.835601591,6,0x000332b2,0x00000000,0x00000000
1776516896.835601591,7,0x00034835,0x00000000,0x00000000
1776516896.835601591,8,0x0002707d,0x00000000,0x00000000
1776516896.835601591,9,0x0004025a,0x00000000,0x00000000
1776516896.835601591,10,0x00038152,0x00000000,0x00000000
1776516896.835601591,11,0x0013c07e,0x00000000,0x00000000
1776516896.835601591,12,0x000351ff,0x00000000,0x00000000
1776516896.835601591,13,0x00037a1c,0x00000000,0x00000000
1776516896.835601591,14,0x0002bb94,0x00000000,0x00000000
1776516896.835601591,15,0x00040772,0x00000000,0x00000000
1776516896.835601591,16,0x00000677,0x00000000,0x00000000
1776516896.835601591,17,0x000004fe,0x00000000,0x00000000
1776516896.835601591,18,0x000004e8,0x00000000,0x00000000
1776516896.835601591,19,0x000003c0,0x00000000,0x00000000
1776516897.890832169,0,0x0003d0b6,0x00000000,0x00000000
1776516897.890832169,1,0x00024fbe,0x00000000,0x00000000
1776516897.890832169,2,0x00036ebb,0x00000000,0x00000000
1776516897.890832169,3,0x00030eb3,0x00000000,0x00000000
1776516897.890832169,4,0x00033cea,0x00000000,0x00000000
1776516897.890832169,5,0x0003341e,0x00000000,0x00000000
1776516897.890832169,6,0x000332bb,0x00000000,0x00000000
1776516897.890832169,7,0x00034844,0x00000000,0x00000000
1776516897.890832169,8,0x00027089,0x00000000,0x00000000
1776516897.890832169,9,0x00040266,0x00000000,0x00000000
1776516897.890832169,10,0x00038152,0x00000000,0x00000000
1776516897.890832169,11,0x0013c0e1,0x00000000,0x00000000
1776516897.890832169,12,0x000351ff,0x00000000,0x00000000
1776516897.890832169,13,0x00037a40,0x00000000,0x00000000
1776516897.890832169,14,0x0002bb94,0x00000000,0x00000000
1776516897.890832169,15,0x00040863,0x00000000,0x00000000
1776516897.890832169,16,0x00000677,0x00000000,0x00000000
1776516897.890832169,17,0x000004fe,0x00000000,0x00000000
1776516897.890832169,18,0x000004e8,0x00000000,0x00000000
1776516897.890832169,19,0x000003c0,0x00000000,0x00000000
1776516898.946080850,0,0x0003d146,0x00000000,0x00000000
1776516898.946080850,1,0x00024fc4,0x00000000,0x00000000
1776516898.946080850,2,0x00036ebb,0x00000000,0x00000000
1776516898.946080850,3,0x00030f85,0x00000000,0x00000000
1776516898.946080850,4,0x00033cea,0x00000000,0x00000000
1776516898.946080850,5,0x000334b0,0x00000000,0x00000000
1776516898.946080850,6,0x000332cc,0x00000000,0x00000000
1776516898.946080850,7,0x0003484a,0x00000000,0x00000000
1776516898.946080850,8,0x0002709a,0x00000000,0x00000000
1776516898.946080850,9,0x00040270,0x00000000,0x00000000
1776516898.946080850,10,0x00038152,0x00000000,0x00000000
1776516898.946080850,11,0x0013c167,0x00000000,0x00000000
1776516898.946080850,12,0x00035208,0x00000000,0x00000000
1776516898.946080850,13,0x00037a56,0x00000000,0x00000000
1776516898.946080850,14,0x0002bb94,0x00000000,0x00000000
1776516898.946080850,15,0x000408ed,0x00000000,0x00000000
1776516898.946080850,16,0x0000067d,0x00000000,0x00000000
1776516898.946080850,17,0x000004fe,0x00000000,0x00000000
1776516898.946080850,18,0x000004e8,0x00000000,0x00000000
1776516898.946080850,19,0x000003c0,0x00000000,0x00000000
1776516900.000857632,0,0x0003d15a,0x00000000,0x00000000
1776516900.000857632,1,0x00025067,0x00000000,0x00000000
1776516900.000857632,2,0x00036ebb,0x00000000,0x00000000
1776516900.000857632,3,0x00030fdb,0x00000000,0x00000000
1776516900.000857632,4,0x00033cea,0x00000000,0x00000000
1776516900.000857632,5,0x00033548,0x00000000,0x00000000
1776516900.000857632,6,0x000332cc,0x00000000,0x00000000
1776516900.000857632,7,0x00034864,0x00000000,0x00000000
1776516900.000857632,8,0x0002709a,0x00000000,0x00000000
1776516900.000857632,9,0x00040292,0x00000000,0x00000000
1776516900.000857632,10,0x00038152,0x00000000,0x00000000
1776516900.000857632,11,0x0013c1e5,0x00000000,0x00000000
1776516900.000857632,12,0x00035223,0x00000000,0x00000000
1776516900.000857632,13,0x00037a5a,0x00000000,0x00000000
1776516900.000857632,14,0x0002bb9a,0x00000000,0x00000000
1776516900.000857632,15,0x00040967,0x00000000,0x00000000
1776516900.000857632,16,0x0000067d,0x00000000,0x00000000
1776516900.000857632,17,0x000004fe,0x00000000,0x00000000
1776516900.000857632,18,0x000004e8,0x00000000,0x00000000
1776516900.000857632,19,0x000003c0,0x00000000,0x00000000
1776516901.056895788,0,0x0003d1ac,0x00000000,0x00000000
1776516901.056895788,1,0x00025067,0x00000000,0x00000000
1776516901.056895788,2,0x00036ebb,0x00000000,0x00000000
1776516901.056895788,3,0x0003102f,0x00000000,0x00000000
1776516901.056895788,4,0x00033cff,0x00000000,0x00000000
1776516901.056895788,5,0x00033587,0x00000000,0x00000000
1776516901.056895788,6,0x000332cc,0x00000000,0x00000000
1776516901.056895788,7,0x00034888,0x00000000,0x00000000
1776516901.056895788,8,0x0002709a,0x00000000,0x00000000
1776516901.056895788,9,0x0004031b,0x00000000,0x00000000
1776516901.056895788,10,0x00038152,0x00000000,0x00000000
1776516901.056895788,11,0x0013c28b,0x00000000,0x00000000
1776516901.056895788,12,0x00035243,0x00000000,0x00000000
1776516901.056895788,13,0x00037aac,0x00000000,0x00000000
1776516901.056895788,14,0x0002bbdd,0x00000000,0x00000000
1776516901.056895788,15,0x00040995,0x00000000,0x00000000
1776516901.056895788,16,0x0000067d,0x00000000,0x00000000
1776516901.056895788,17,0x000004fe,0x00000000,0x00000000
1776516901.056895788,18,0x000004e8,0x00000000,0x00000000
1776516901.056895788,19,0x000003c0,0x00000000,0x00000000
1776516902.114207012,0,0x0003d1d2,0x00000000,0x00000000
1776516902.114207012,1,0x000250a2,0x00000000,0x00000000
1776516902.114207012,2,0x00036ebb,0x00000000,0x00000000
1776516902.114207012,3,0x0003105e,0x00000000,0x00000000
1776516902.114207012,4,0x00033d3b,0x00000000,0x00000000
1776516902.114207012,5,0x000335c3,0x00000000,0x00000000
1776516902.114207012,6,0x000332cc,0x00000000,0x00000000
1776516902.114207012,7,0x000348cf,0x00000000,0x00000000
1776516902.114207012,8,0x000270a2,0x00000000,0x00000000
1776516902.114207012,9,0x00040361,0x00000000,0x00000000
1776516902.114207012,10,0x00038159,0x00000000,0x00000000
1776516902.114207012,11,0x0013c33c,0x00000000,0x00000000
1776516902.114207012,12,0x00035256,0x00000000,0x00000000
1776516902.114207012,13,0x00037ae9,0x00000000,0x00000000
1776516902.114207012,14,0x0002bc4d,0x00000000,0x00000000
1776516902.114207012,15,0x000409b4,0x00000000,0x00000000
1776516902.114207012,16,0x0000067d,0x00000000,0x00000000
1776516902.114207012,17,0x000004fe,0x00000000,0x00000000
1776516902.114207012,18,0x000004e8,0x00000000,0x00000000
1776516902.114207012,19,0x000003c0,0x00000000,0x00000000
1776516903.172781852,0,0x0003d1f1,0x00000000,0x00000000
1776516903.172781852,1,0x000250ae,0x00000000,0x00000000
1776516903.172781852,2,0x00036ebb,0x00000000,0x00000000
1776516903.172781852,3,0x00031124,0x00000000,0x00000000
1776516903.172781852,4,0x00033d3b,0x00000000,0x00000000
1776516903.172781852,5,0x00033648,0x00000000,0x00000000
1776516903.172781852,6,0x0003332f,0x00000000,0x00000000
1776516903.172781852,7,0x000348ee,0x00000000,0x00000000
1776516903.172781852,8,0x000270ca,0x00000000,0x00000000
1776516903.172781852,9,0x0004036e,0x00000000,0x00000000
1776516903.172781852,10,0x0003819d,0x00000000,0x00000000
1776516903.172781852,11,0x0013c3da,0x00000000,0x00000000
1776516903.172781852,12,0x00035260,0x00000000,0x00000000
1776516903.172781852,13,0x00037af7,0x00000000,0x00000000
1776516903.172781852,14,0x0002bc76,0x00000000,0x00000000
1776516903.172781852,15,0x000409b4,0x00000000,0x00000000
1776516903.172781852,16,0x0000067d,0x00000000,0x00000000
1776516903.172781852,17,0x000004fe,0x00000000,0x00000000
1776516903.172781852,18,0x000004e8,0x00000000,0x00000000
1776516903.172781852,19,0x000003c0,0x00000000,0x00000000
1776516904.231797837,0,0x0003d1fe,0x00000000,0x00000000
1776516904.231797837,1,0x000250bc,0x00000000,0x00000000
1776516904.231797837,2,0x00036ec1,0x00000000,0x00000000
1776516904.231797837,3,0x00031151,0x00000000,0x00000000
1776516904.231797837,4,0x00033d3b,0x00000000,0x00000000
1776516904.231797837,5,0x000336c3,0x00000000,0x00000000
1776516904.231797837,6,0x0003332f,0x00000000,0x00000000
1776516904.231797837,7,0x00034990,0x00000000,0x00000000
1776516904.231797837,8,0x00027114,0x00000000,0x00000000
1776516904.231797837,9,0x0004036e,0x00000000,0x00000000
1776516904.231797837,10,0x000381e3,0x00000000,0x00000000
1776516904.231797837,11,0x0013c420,0x00000000,0x00000000
1776516904.231797837,12,0x0003526d,0x00000000,0x00000000
1776516904.231797837,13,0x00037b97,0x00000000,0x00000000
1776516904.231797837,14,0x0002bc82,0x00000000,0x00000000
1776516904.231797837,15,0x000409b4,0x00000000,0x00000000
1776516904.231797837,16,0x00000683,0x00000000,0x00000000
1776516904.231797837,17,0x000004fe,0x00000000,0x00000000
1776516904.231797837,18,0x000004e8,0x00000000,0x00000000
1776516904.231797837,19,0x000003c0,0x00000000,0x00000000
1776516905.292272709,0,0x0003d21b,0x00000000,0x00000000
1776516905.292272709,1,0x000250c8,0x00000000,0x00000000
1776516905.292272709,2,0x00036ecc,0x00000000,0x00000000
1776516905.292272709,3,0x00031157,0x00000000,0x00000000
1776516905.292272709,4,0x00033d3b,0x00000000,0x00000000
1776516905.292272709,5,0x000336e0,0x00000000,0x00000000
1776516905.292272709,6,0x0003332f,0x00000000,0x00000000
1776516905.292272709,7,0x00034a4a,0x00000000,0x00000000
1776516905.292272709,8,0x0002713d,0x00000000,0x00000000
1776516905.292272709,9,0x0004036f,0x00000000,0x00000000
1776516905.292272709,10,0x000381e8,0x00000000,0x00000000
1776516905.292272709,11,0x0013c4a9,0x00000000,0x00000000
1776516905.292272709,12,0x0003526d,0x00000000,0x00000000
1776516905.292272709,13,0x00037c32,0x00000000,0x00000000
1776516905.292272709,14,0x0002bcc5,0x00000000,0x00000000
1776516905.292272709,15,0x00040a1b,0x00000000,0x00000000
1776516905.292272709,16,0x00000683,0x00000000,0x00000000
1776516905.292272709,17,0x000004fe,0x00000000,0x00000000
1776516905.292272709,18,0x000004e8,0x00000000,0x00000000
1776516905.292272709,19,0x000003c0,0x00000000,0x00000000
1776516906.351829731,0,0x0003d250,0x00000000,0x00000000
1776516906.351829731,1,0x000250c8,0x00000000,0x00000000
1776516906.351829731,2,0x00036f16,0x00000000,0x00000000
1776516906.351829731,3,0x00031157,0x00000000,0x00000000
1776516906.351829731,4,0x00033d99,0x00000000,0x00000000
1776516906.351829731,5,0x000336eb,0x00000000,0x00000000
1776516906.351829731,6,0x0003332f,0x00000000,0x00000000
1776516906.351829731,7,0x00034b1d,0x00000000,0x00000000
1776516906.351829731,8,0x0002718e,0x00000000,0x00000000
1776516906.351829731,9,0x0004036f,0x00000000,0x00000000
1776516906.351829731,10,0x0003825e,0x00000000,0x00000000
1776516906.351829731,11,0x0013c4df,0x00000000,0x00000000
1776516906.351829731,12,0x0003527f,0x00000000,0x00000000
1776516906.351829731,13,0x00037c34,0x00000000,0x00000000
1776516906.351829731,14,0x0002bcc5,0x00000000,0x00000000
1776516906.351829731,15,0x00040a3e,0x00000000,0x00000000
1776516906.351829731,16,0x00000683,0x00000000,0x00000000
1776516906.351829731,17,0x000004fe,0x00000000,0x00000000
1776516906.351829731,18,0x000004e8,0x00000000,0x00000000
1776516906.351829731,19,0x000003c0,0x00000000,0x00000000
1776516907.407815493,0,0x0003d2a9,0x00000000,0x00000000
1776516907.407815493,1,0x000250c8,0x00000000,0x00000000
1776516907.407815493,2,0x00036f2b,0x00000000,0x00000000
1776516907.407815493,3,0x00031157,0x00000000,0x00000000
1776516907.407815493,4,0x00033d99,0x00000000,0x00000000
1776516907.407815493,5,0x0003370e,0x00000000,0x00000000
1776516907.407815493,6,0x00033331,0x00000000,0x00000000
1776516907.407815493,7,0x00034b7e,0x00000000,0x00000000
1776516907.407815493,8,0x000271ac,0x00000000,0x00000000
1776516907.407815493,9,0x0004036f,0x00000000,0x00000000
1776516907.407815493,10,0x000382b7,0x00000000,0x00000000
1776516907.407815493,11,0x0013c52f,0x00000000,0x00000000
1776516907.407815493,12,0x00035341,0x00000000,0x00000000
1776516907.407815493,13,0x00037c38,0x00000000,0x00000000
1776516907.407815493,14,0x0002bcc5,0x00000000,0x00000000
1776516907.407815493,15,0x00040adc,0x00000000,0x00000000
1776516907.407815493,16,0x00000683,0x00000000,0x00000000
1776516907.407815493,17,0x000004fe,0x00000000,0x00000000
1776516907.407815493,18,0x000004e8,0x00000000,0x00000000
1776516907.407815493,19,0x000003c0,0x00000000,0x00000000
1776516908.462326148,0,0x0003d2af,0x00000000,0x00000000
1776516908.462326148,1,0x00025129,0x00000000,0x00000000
1776516908.462326148,2,0x00036fcf,0x00000000,0x00000000
1776516908.462326148,3,0x00031157,0x00000000,0x00000000
1776516908.462326148,4,0x00033d99,0x00000000,0x00000000
1776516908.462326148,5,0x00033730,0x00000000,0x00000000
1776516908.462326148,6,0x00033343,0x00000000,0x00000000
1776516908.462326148,7,0x00034b8b,0x00000000,0x00000000
1776516908.462326148,8,0x000271b3,0x00000000,0x00000000
1776516908.462326148,9,0x0004038a,0x00000000,0x00000000
1776516908.462326148,10,0x000382d6,0x00000000,0x00000000
1776516908.462326148,11,0x0013c577,0x00000000,0x00000000
1776516908.462326148,12,0x00035341,0x00000000,0x00000000
1776516908.462326148,13,0x00037cbb,0x00000000,0x00000000
1776516908.462326148,14,0x0002bcc5,0x00000000,0x00000000
1776516908.462326148,15,0x00040b98,0x00000000,0x00000000
1776516908.462326148,16,0x00000683,0x00000000,0x00000000
1776516908.462326148,17,0x000004fe,0x00000000,0x00000000
1776516908.462326148,18,0x000004e8,0x00000000,0x00000000
1776516908.462326148,19,0x000003c0,0x00000000,0x00000000
1776516909.517110727,0,0x0003d2b8,0x00000000,0x00000000
1776516909.517110727,1,0x00025181,0x00000000,0x00000000
1776516909.517110727,2,0x00037054,0x00000000,0x00000000
1776516909.517110727,3,0x00031157,0x00000000,0x00000000
1776516909.517110727,4,0x00033d99,0x00000000,0x00000000
1776516909.517110727,5,0x000337be,0x00000000,0x00000000
1776516909.517110727,6,0x00033349,0x00000000,0x00000000
1776516909.517110727,7,0x00034beb,0x00000000,0x00000000
1776516909.517110727,8,0x000271bd,0x00000000,0x00000000
1776516909.517110727,9,0x00040392,0x00000000,0x00000000
1776516909.517110727,10,0x00038332,0x00000000,0x00000000
1776516909.517110727,11,0x0013c5cc,0x00000000,0x00000000
1776516909.517110727,12,0x0003534b,0x00000000,0x00000000
1776516909.517110727,13,0x00037cd1,0x00000000,0x00000000
1776516909.517110727,14,0x0002bcc5,0x00000000,0x00000000
1776516909.517110727,15,0x00040bdc,0x00000000,0x00000000
1776516909.517110727,16,0x00000683,0x00000000,0x00000000
1776516909.517110727,17,0x000004fe,0x00000000,0x00000000
1776516909.517110727,18,0x000004e8,0x00000000,0x00000000
1776516909.517110727,19,0x000003c0,0x00000000,0x00000000
1776516910.574164075,0,0x0003d2da,0x00000000,0x00000000
1776516910.574164075,1,0x00025181,0x00000000,0x00000000
1776516910.574164075,2,0x00037116,0x00000000,0x00000000
1776516910.574164075,3,0x00031157,0x00000000,0x00000000
1776516910.574164075,4,0x00033d99,0x00000000,0x00000000
1776516910.574164075,5,0x00033855,0x00000000,0x00000000
1776516910.574164075,6,0x0003337e,0x00000000,0x00000000
1776516910.574164075,7,0x00034beb,0x00000000,0x00000000
1776516910.574164075,8,0x000271c2,0x00000000,0x00000000
1776516910.574164075,9,0x000403a6,0x00000000,0x00000000
1776516910.574164075,10,0x000383a0,0x00000000,0x00000000
1776516910.574164075,11,0x0013c607,0x00000000,0x00000000
1776516910.574164075,12,0x00035364,0x00000000,0x00000000
1776516910.574164075,13,0x00037cd1,0x00000000,0x00000000
1776516910.574164075,14,0x0002bcc5,0x00000000,0x00000000
1776516910.574164075,15,0x00040c53,0x00000000,0x00000000
1776516910.574164075,16,0x00000683,0x00000000,0x00000000
1776516910.574164075,17,0x000004fe,0x00000000,0x00000000
1776516910.574164075,18,0x000004e8,0x00000000,0x00000000
1776516910.574164075,19,0x000003c0,0x00000000,0x00000000
1776516911.638686398,0,0x0003d338,0x00000000,0x00000000
1776516911.638686398,1,0x00025181,0x00000000,0x00000000
1776516911.638686398,2,0x00037190,0x00000000,0x00000000
1776516911.638686398,3,0x0003115d,0x00000000,0x00000000
1776516911.638686398,4,0x00033d99,0x00000000,0x00000000
1776516911.638686398,5,0x000338a2,0x00000000,0x00000000
1776516911.638686398,6,0x000333bd,0x00000000,0x00000000
1776516911.638686398,7,0x00034c15,0x00000000,0x00000000
1776516911.638686398,8,0x000271c2,0x00000000,0x00000000
1776516911.638686398,9,0x00040409,0x00000000,0x00000000
1776516911.638686398,10,0x00038423,0x00000000,0x00000000
1776516911.638686398,11,0x0013c661,0x00000000,0x00000000
1776516911.638686398,12,0x00035364,0x00000000,0x00000000
1776516911.638686398,13,0x00037d00,0x00000000,0x00000000
1776516911.638686398,14,0x0002bcc5,0x00000000,0x00000000
1776516911.638686398,15,0x00040c6d,0x00000000,0x00000000
1776516911.638686398,16,0x00000683,0x00000000,0x00000000
1776516911.638686398,17,0x000004fe,0x00000000,0x00000000
1776516911.638686398,18,0x000004e8,0x00000000,0x00000000
1776516911.638686398,19,0x000003c0,0x00000000,0x00000000
1776516912.703038356,0,0x0003d355,0x00000000,0x00000000
1776516912.703038356,1,0x0002518f,0x00000000,0x00000000
1776516912.703038356,2,0x00037192,0x00000000,0x00000000
1776516912.703038356,3,0x0003117b,0x00000000,0x00000000
1776516912.703038356,4,0x00033e1d,0x00000000,0x00000000
1776516912.703038356,5,0x000338a2,0x00000000,0x00000000
1776516912.703038356,6,0x000333bd,0x00000000,0x00000000
1776516912.703038356,7,0x00034ce7,0x00000000,0x00000000
1776516912.703038356,8,0x000271da,0x00000000,0x00000000
1776516912.703038356,9,0x00040418,0x00000000,0x00000000
1776516912.703038356,10,0x0003842d,0x00000000,0x00000000
1776516912.703038356,11,0x0013c6bd,0x00000000,0x00000000
1776516912.703038356,12,0x00035364,0x00000000,0x00000000
1776516912.703038356,13,0x00037ddd,0x00000000,0x00000000
1776516912.703038356,14,0x0002bcc5,0x00000000,0x00000000
1776516912.703038356,15,0x00040c88,0x00000000,0x00000000
1776516912.703038356,16,0x00000683,0x00000000,0x00000000
1776516912.703038356,17,0x000004fe,0x00000000,0x00000000
1776516912.703038356,18,0x000004e8,0x00000000,0x00000000
1776516912.703038356,19,0x000003c0,0x00000000,0x00000000
1776516913.767947405,0,0x0003d37a,0x00000000,0x00000000
1776516913.767947405,1,0x000251a8,0x00000000,0x00000000
1776516913.767947405,2,0x000371ca,0x00000000,0x00000000
1776516913.767947405,3,0x0003117b,0x00000000,0x00000000
1776516913.767947405,4,0x00033e3f,0x00000000,0x00000000
1776516913.767947405,5,0x000338a2,0x00000000,0x00000000
1776516913.767947405,6,0x000333dd,0x00000000,0x00000000
1776516913.767947405,7,0x00034d67,0x00000000,0x00000000
1776516913.767947405,8,0x000271fb,0x00000000,0x00000000
1776516913.767947405,9,0x00040423,0x00000000,0x00000000
1776516913.767947405,10,0x0003842d,0x00000000,0x00000000
1776516913.767947405,11,0x0013c720,0x00000000,0x00000000
1776516913.767947405,12,0x00035364,0x00000000,0x00000000
1776516913.767947405,13,0x00037e98,0x00000000,0x00000000
1776516913.767947405,14,0x0002bcc5,0x00000000,0x00000000
1776516913.767947405,15,0x00040d33,0x00000000,0x00000000
1776516913.767947405,16,0x00000683,0x00000000,0x00000000
1776516913.767947405,17,0x000004fe,0x00000000,0x00000000
1776516913.767947405,18,0x000004e8,0x00000000,0x00000000
1776516913.767947405,19,0x000003c0,0x00000000,0x00000000
1776516914.832252858,0,0x0003d3a3,0x00000000,0x00000000
1776516914.832252858,1,0x00025247,0x00000000,0x00000000
1776516914.832252858,2,0x000371ed,0x00000000,0x00000000
1776516914.832252858,3,0x0003117b,0x00000000,0x00000000
1776516914.832252858,4,0x00033e5b,0x00000000,0x00000000
1776516914.832252858,5,0x000338a2,0x00000000,0x00000000
1776516914.832252858,6,0x00033468,0x00000000,0x00000000
1776516914.832252858,7,0x00034dac,0x00000000,0x00000000
1776516914.832252858,8,0x000271fb,0x00000000,0x00000000
1776516914.832252858,9,0x0004042f,0x00000000,0x00000000
1776516914.832252858,10,0x00038445,0x00000000,0x00000000
1776516914.832252858,11,0x0013c765,0x00000000,0x00000000
1776516914.832252858,12,0x00035364,0x00000000,0x00000000
1776516914.832252858,13,0x00037ebc,0x00000000,0x00000000
1776516914.832252858,14,0x0002bd39,0x00000000,0x00000000
1776516914.832252858,15,0x00040d49,0x00000000,0x00000000
1776516914.832252858,16,0x00000683,0x00000000,0x00000000
1776516914.832252858,17,0x000004fe,0x00000000,0x00000000
1776516914.832252858,18,0x000004e8,0x00000000,0x00000000
1776516914.832252858,19,0x000003c0,0x00000000,0x00000000
1776516915.905292302,0,0x0003d3a3,0x00000000,0x00000000
1776516915.905292302,1,0x00025293,0x00000000,0x00000000
1776516915.905292302,2,0x000372b4,0x00000000,0x00000000
1776516915.905292302,3,0x0003117b,0x00000000,0x00000000
1776516915.905292302,4,0x00033ece,0x00000000,0x00000000
1776516915.905292302,5,0x000338a2,0x00000000,0x00000000
1776516915.905292302,6,0x0003346b,0x00000000,0x00000000
1776516915.905292302,7,0x00034dd9,0x00000000,0x00000000
1776516915.905292302,8,0x00027206,0x00000000,0x00000000
1776516915.905292302,9,0x00040436,0x00000000,0x00000000
1776516915.905292302,10,0x00038474,0x00000000,0x00000000
1776516915.905292302,11,0x0013c7b4,0x00000000,0x00000000
1776516915.905292302,12,0x00035364,0x00000000,0x00000000
1776516915.905292302,13,0x00037ee2,0x00000000,0x00000000
1776516915.905292302,14,0x0002be1e,0x00000000,0x00000000
1776516915.905292302,15,0x00040d49,0x00000000,0x00000000
1776516915.905292302,16,0x00000683,0x00000000,0x00000000
1776516915.905292302,17,0x000004fe,0x00000000,0x00000000
1776516915.905292302,18,0x000004e8,0x00000000,0x00000000
1776516915.905292302,19,0x000003c0,0x00000000,0x00000000
1776516916.968757063,0,0x0003d3be,0x00000000,0x00000000
1776516916.968757063,1,0x000252a2,0x00000000,0x00000000
1776516916.968757063,2,0x000372d2,0x00000000,0x00000000
1776516916.968757063,3,0x00031180,0x00000000,0x00000000
1776516916.968757063,4,0x00033f3f,0x00000000,0x00000000
1776516916.968757063,5,0x000338a3,0x00000000,0x00000000
1776516916.968757063,6,0x0003346f,0x00000000,0x00000000
1776516916.968757063,7,0x00034e1a,0x00000000,0x00000000
1776516916.968757063,8,0x00027206,0x00000000,0x00000000
1776516916.968757063,9,0x000404df,0x00000000,0x00000000
1776516916.968757063,10,0x000384cb,0x00000000,0x00000000
1776516916.968757063,11,0x0013c7e8,0x00000000,0x00000000
1776516916.968757063,12,0x000353b6,0x00000000,0x00000000
1776516916.968757063,13,0x00037eec,0x00000000,0x00000000
1776516916.968757063,14,0x0002be9c,0x00000000,0x00000000
1776516916.968757063,15,0x00040d49,0x00000000,0x00000000
1776516916.968757063,16,0x00000683,0x00000000,0x00000000
1776516916.968757063,17,0x000004fe,0x00000000,0x00000000
1776516916.968757063,18,0x000004e8,0x00000000,0x00000000
1776516916.968757063,19,0x000003c0,0x00000000,0x00000000
1776516918.032267012,0,0x0003d426,0x00000000,0x00000000
1776516918.032267012,1,0x000252a2,0x00000000,0x00000000
1776516918.032267012,2,0x000372f0,0x00000000,0x00000000
1776516918.032267012,3,0x00031180,0x00000000,0x00000000
1776516918.032267012,4,0x00033fb8,0x00000000,0x00000000
1776516918.032267012,5,0x000338ae,0x00000000,0x00000000
1776516918.032267012,6,0x0003346f,0x00000000,0x00000000
1776516918.032267012,7,0x00034e4c,0x00000000,0x00000000
1776516918.032267012,8,0x00027221,0x00000000,0x00000000
1776516918.032267012,9,0x000404ef,0x00000000,0x00000000
1776516918.032267012,10,0x000384fc,0x00000000,0x00000000
1776516918.032267012,11,0x0013c832,0x00000000,0x00000000
1776516918.032267012,12,0x000353ff,0x00000000,0x00000000
1776516918.032267012,13,0x00037eec,0x00000000,0x00000000
1776516918.032267012,14,0x0002bf96,0x00000000,0x00000000
1776516918.032267012,15,0x00040d49,0x00000000,0x00000000
1776516918.032267012,16,0x00000683,0x00000000,0x00000000
1776516918.032267012,17,0x000004fe,0x00000000,0x00000000
1776516918.032267012,18,0x000004e8,0x00000000,0x00000000
1776516918.032267012,19,0x000003c0,0x00000000,0x00000000
1776516919.097434989,0,0x0003d4d5,0x00000000,0x00000000
1776516919.097434989,1,0x000252a2,0x00000000,0x00000000
1776516919.097434989,2,0x000373b5,0x00000000,0x00000000
1776516919.097434989,3,0x00031180,0x00000000,0x00000000
1776516919.097434989,4,0x00033fec,0x00000000,0x00000000
1776516919.097434989,5,0x000338c1,0x00000000,0x00000000
1776516919.097434989,6,0x0003346f,0x00000000,0x00000000
1776516919.097434989,7,0x00034e6d,0x00000000,0x00000000
1776516919.097434989,8,0x00027243,0x00000000,0x00000000
1776516919.097434989,9,0x000404ef,0x00000000,0x00000000
1776516919.097434989,10,0x00038560,0x00000000,0x00000000
1776516919.097434989,11,0x0013c86a,0x00000000,0x00000000
1776516919.097434989,12,0x00035427,0x00000000,0x00000000
1776516919.097434989,13,0x00037eec,0x00000000,0x00000000
1776516919.097434989,14,0x0002bfe6,0x00000000,0x00000000
1776516919.097434989,15,0x00040d4a,0x00000000,0x00000000
1776516919.097434989,16,0x00000683,0x00000000,0x00000000
1776516919.097434989,17,0x000004fe,0x00000000,0x00000000
1776516919.097434989,18,0x000004e8,0x00000000,0x00000000
1776516919.097434989,19,0x000003c0,0x00000000,0x00000000
1776516920.158947197,0,0x0003d501,0x00000000,0x00000000
1776516920.158947197,1,0x000252a2,0x00000000,0x00000000
1776516920.158947197,2,0x00037497,0x00000000,0x00000000
1776516920.158947197,3,0x00031180,0x00000000,0x00000000
1776516920.158947197,4,0x00033fec,0x00000000,0x00000000
1776516920.158947197,5,0x000339a3,0x00000000,0x00000000
1776516920.158947197,6,0x0003346f,0x00000000,0x00000000
1776516920.158947197,7,0x00034eb7,0x00000000,0x00000000
1776516920.158947197,8,0x00027273,0x00000000,0x00000000
1776516920.158947197,9,0x000404f7,0x00000000,0x00000000
1776516920.158947197,10,0x00038566,0x00000000,0x00000000
1776516920.158947197,11,0x0013c8c5,0x00000000,0x00000000
1776516920.158947197,12,0x0003544b,0x00000000,0x00000000
1776516920.158947197,13,0x00037eec,0x00000000,0x00000000
1776516920.158947197,14,0x0002bfed,0x00000000,0x00000000
1776516920.158947197,15,0x00040d54,0x00000000,0x00000000
1776516920.158947197,16,0x00000683,0x00000000,0x00000000
1776516920.158947197,17,0x000004fe,0x00000000,0x00000000
1776516920.158947197,18,0x000004e8,0x00000000,0x00000000
1776516920.158947197,19,0x000003c0,0x00000000,0x00000000
1776516921.223307631,0,0x0003d568,0x00000000,0x00000000
1776516921.223307631,1,0x000252a2,0x00000000,0x00000000
1776516921.223307631,2,0x000374bf,0x00000000,0x00000000
1776516921.223307631,3,0x00031180,0x00000000,0x00000000
1776516921.223307631,4,0x00033fec,0x00000000,0x00000000
1776516921.223307631,5,0x00033a36,0x00000000,0x00000000
1776516921.223307631,6,0x000334b0,0x00000000,0x00000000
1776516921.223307631,7,0x00034ebe,0x00000000,0x00000000
1776516921.223307631,8,0x000272c1,0x00000000,0x00000000
1776516921.223307631,9,0x000404f7,0x00000000,0x00000000
1776516921.223307631,10,0x00038566,0x00000000,0x00000000
1776516921.223307631,11,0x0013c9c6,0x00000000,0x00000000
1776516921.223307631,12,0x0003549c,0x00000000,0x00000000
1776516921.223307631,13,0x00037eec,0x00000000,0x00000000
1776516921.223307631,14,0x0002bff0,0x00000000,0x00000000
1776516921.223307631,15,0x00040d5d,0x00000000,0x00000000
1776516921.223307631,16,0x00000683,0x00000000,0x00000000
1776516921.223307631,17,0x000004fe,0x00000000,0x00000000
1776516921.223307631,18,0x000004e8,0x00000000,0x00000000
1776516921.223307631,19,0x000003c0,0x00000000,0x00000000
1776516922.286592404,0,0x0003d583,0x00000000,0x00000000
1776516922.286592404,1,0x000252a2,0x00000000,0x00000000
1776516922.286592404,2,0x000374c6,0x00000000,0x00000000
1776516922.286592404,3,0x0003118b,0x00000000,0x00000000
1776516922.286592404,4,0x00033fec,0x00000000,0x00000000
1776516922.286592404,5,0x00033ab2,0x00000000,0x00000000
1776516922.286592404,6,0x000334d1,0x00000000,0x00000000
1776516922.286592404,7,0x00034f17,0x00000000,0x00000000
1776516922.286592404,8,0x000272c7,0x00000000,0x00000000
1776516922.286592404,9,0x000405c7,0x00000000,0x00000000
1776516922.286592404,10,0x0003859f,0x00000000,0x00000000
1776516922.286592404,11,0x0013ca6a,0x00000000,0x00000000
1776516922.286592404,12,0x000354b8,0x00000000,0x00000000
1776516922.286592404,13,0x00037eee,0x00000000,0x00000000
1776516922.286592404,14,0x0002bff0,0x00000000,0x00000000
1776516922.286592404,15,0x00040d7c,0x00000000,0x00000000
1776516922.286592404,16,0x00000683,0x00000000,0x00000000
1776516922.286592404,17,0x000004fe,0x00000000,0x00000000
1776516922.286592404,18,0x000004e8,0x00000000,0x00000000
1776516922.286592404,19,0x000003c0,0x00000000,0x00000000
1776516923.350693106,0,0x0003d5d4,0x00000000,0x00000000
1776516923.350693106,1,0x000252a2,0x00000000,0x00000000
1776516923.350693106,2,0x000374e3,0x00000000,0x00000000
1776516923.350693106,3,0x0003119c,0x00000000,0x00000000
1776516923.350693106,4,0x00033fec,0x00000000,0x00000000
1776516923.350693106,5,0x00033ad9,0x00000000,0x00000000
1776516923.350693106,6,0x000334d4,0x00000000,0x00000000
1776516923.350693106,7,0x00034f32,0x00000000,0x00000000
1776516923.350693106,8,0x000272c7,0x00000000,0x00000000
1776516923.350693106,9,0x000405ec,0x00000000,0x00000000
1776516923.350693106,10,0x0003860f,0x00000000,0x00000000
1776516923.350693106,11,0x0013cb41,0x00000000,0x00000000
1776516923.350693106,12,0x00035570,0x00000000,0x00000000
1776516923.350693106,13,0x00037eee,0x00000000,0x00000000
1776516923.350693106,14,0x0002c01c,0x00000000,0x00000000
1776516923.350693106,15,0x00040dca,0x00000000,0x00000000
1776516923.350693106,16,0x00000683,0x00000000,0x00000000
1776516923.350693106,17,0x000004fe,0x00000000,0x00000000
1776516923.350693106,18,0x000004e8,0x00000000,0x00000000
1776516923.350693106,19,0x000003c0,0x00000000,0x00000000
1776516924.417473593,0,0x0003d5d4,0x00000000,0x00000000
1776516924.417473593,1,0x000252ba,0x00000000,0x00000000
1776516924.417473593,2,0x0003757f,0x00000000,0x00000000
1776516924.417473593,3,0x0003119c,0x00000000,0x00000000
1776516924.417473593,4,0x00033fec,0x00000000,0x00000000
1776516924.417473593,5,0x00033b53,0x00000000,0x00000000
1776516924.417473593,6,0x00033519,0x00000000,0x00000000
1776516924.417473593,7,0x00034f37,0x00000000,0x00000000
1776516924.417473593,8,0x000272d5,0x00000000,0x00000000
1776516924.417473593,9,0x000405ec,0x00000000,0x00000000
1776516924.417473593,10,0x00038700,0x00000000,0x00000000
1776516924.417473593,11,0x0013cb97,0x00000000,0x00000000
1776516924.417473593,12,0x00035592,0x00000000,0x00000000
1776516924.417473593,13,0x00037eee,0x00000000,0x00000000
1776516924.417473593,14,0x0002c01f,0x00000000,0x00000000
1776516924.417473593,15,0x00040de6,0x00000000,0x00000000
1776516924.417473593,16,0x00000683,0x00000000,0x00000000
1776516924.417473593,17,0x000004fe,0x00000000,0x00000000
1776516924.417473593,18,0x000004e8,0x00000000,0x00000000
1776516924.417473593,19,0x000003c0,0x00000000,0x00000000
1776516925.480023628,0,0x0003d5fe,0x00000000,0x00000000
1776516925.480023628,1,0x000252ba,0x00000000,0x00000000
1776516925.480023628,2,0x00037623,0x00000000,0x00000000
1776516925.480023628,3,0x0003119c,0x00000000,0x00000000
1776516925.480023628,4,0x00033fec,0x00000000,0x00000000
1776516925.480023628,5,0x00033b68,0x00000000,0x00000000
1776516925.480023628,6,0x0003351f,0x00000000,0x00000000
1776516925.480023628,7,0x00034f43,0x00000000,0x00000000
1776516925.480023628,8,0x000272f6,0x00000000,0x00000000
1776516925.480023628,9,0x000405ec,0x00000000,0x00000000
1776516925.480023628,10,0x0003876d,0x00000000,0x00000000
1776516925.480023628,11,0x0013cbe8,0x00000000,0x00000000
1776516925.480023628,12,0x0003563f,0x00000000,0x00000000
1776516925.480023628,13,0x00037ef0,0x00000000,0x00000000
1776516925.480023628,14,0x0002c033,0x00000000,0x00000000
1776516925.480023628,15,0x00040e75,0x00000000,0x00000000
1776516925.480023628,16,0x00000683,0x00000000,0x00000000
1776516925.480023628,17,0x000004fe,0x00000000,0x00000000
1776516925.480023628,18,0x000004e8,0x00000000,0x00000000
1776516925.480023628,19,0x000003c0,0x00000000,0x00000000
1776516926.545727913,0,0x0003d6fa,0x00000000,0x00000000
1776516926.545727913,1,0x000252ba,0x00000000,0x00000000
1776516926.545727913,2,0x00037688,0x00000000,0x00000000
1776516926.545727913,3,0x000311ad,0x00000000,0x00000000
1776516926.545727913,4,0x00033fec,0x00000000,0x00000000
1776516926.545727913,5,0x00033ba5,0x00000000,0x00000000
1776516926.545727913,6,0x0003351f,0x00000000,0x00000000
1776516926.545727913,7,0x00034fd2,0x00000000,0x00000000
1776516926.545727913,8,0x0002730f,0x00000000,0x00000000
1776516926.545727913,9,0x0004060b,0x00000000,0x00000000
1776516926.545727913,10,0x00038779,0x00000000,0x00000000
1776516926.545727913,11,0x0013cc42,0x00000000,0x00000000
1776516926.545727913,12,0x00035665,0x00000000,0x00000000
1776516926.545727913,13,0x00037ef0,0x00000000,0x00000000
1776516926.545727913,14,0x0002c04d,0x00000000,0x00000000
1776516926.545727913,15,0x00040e8d,0x00000000,0x00000000
1776516926.545727913,16,0x00000683,0x00000000,0x00000000
1776516926.545727913,17,0x000004fe,0x00000000,0x00000000
1776516926.545727913,18,0x000004e8,0x00000000,0x00000000
1776516926.545727913,19,0x000003c0,0x00000000,0x00000000
1776516927.608017064,0,0x0003d7aa,0x00000000,0x00000000
1776516927.608017064,1,0x000252ba,0x00000000,0x00000000
1776516927.608017064,2,0x00037688,0x00000000,0x00000000
1776516927.608017064,3,0x000311bc,0x00000000,0x00000000
1776516927.608017064,4,0x00033fed,0x00000000,0x00000000
1776516927.608017064,5,0x00033bc9,0x00000000,0x00000000
1776516927.608017064,6,0x00033521,0x00000000,0x00000000
1776516927.608017064,7,0x0003502a,0x00000000,0x00000000
1776516927.608017064,8,0x00027339,0x00000000,0x00000000
1776516927.608017064,9,0x00040658,0x00000000,0x00000000
1776516927.608017064,10,0x00038779,0x00000000,0x00000000
1776516927.608017064,11,0x0013cd00,0x00000000,0x00000000
1776516927.608017064,12,0x0003568a,0x00000000,0x00000000
1776516927.608017064,13,0x00037ef0,0x00000000,0x00000000
1776516927.608017064,14,0x0002c04d,0x00000000,0x00000000
1776516927.608017064,15,0x00040ee2,0x00000000,0x00000000
1776516927.608017064,16,0x00000683,0x00000000,0x00000000
1776516927.608017064,17,0x000004fe,0x00000000,0x00000000
1776516927.608017064,18,0x000004e8,0x00000000,0x00000000
1776516927.608017064,19,0x000003c0,0x00000000,0x00000000
1776516928.674007618,0,0x0003d84b,0x00000000,0x00000000
1776516928.674007618,1,0x000252c5,0x00000000,0x00000000
1776516928.674007618,2,0x000376a6,0x00000000,0x00000000
1776516928.674007618,3,0x000311c3,0x00000000,0x00000000
1776516928.674007618,4,0x00034005,0x00000000,0x00000000
1776516928.674007618,5,0x00033c18,0x00000000,0x00000000
1776516928.674007618,6,0x00033521,0x00000000,0x00000000
1776516928.674007618,7,0x000350cf,0x00000000,0x00000000
1776516928.674007618,8,0x00027339,0x00000000,0x00000000
1776516928.674007618,9,0x000406c7,0x00000000,0x00000000
1776516928.674007618,10,0x00038780,0x00000000,0x00000000
1776516928.674007618,11,0x0013cdca,0x00000000,0x00000000
1776516928.674007618,12,0x000356ba,0x00000000,0x00000000
1776516928.674007618,13,0x00037eff,0x00000000,0x00000000
1776516928.674007618,14,0x0002c05c,0x00000000,0x00000000
1776516928.674007618,15,0x00040ee9,0x00000000,0x00000000
1776516928.674007618,16,0x00000683,0x00000000,0x00000000
1776516928.674007618,17,0x000004fe,0x00000000,0x00000000
1776516928.674007618,18,0x000004e8,0x00000000,0x00000000
1776516928.674007618,19,0x000003c0,0x00000000,0x00000000
1776516929.736456611,0,0x0003d8a7,0x00000000,0x00000000
1776516929.736456611,1,0x000252d6,0x00000000,0x00000000
1776516929.736456611,2,0x000376ac,0x00000000,0x00000000
1776516929.736456611,3,0x000311ee,0x00000000,0x00000000
1776516929.736456611,4,0x00034005,0x00000000,0x00000000
1776516929.736456611,5,0x00033c5d,0x00000000,0x00000000
1776516929.736456611,6,0x00033521,0x00000000,0x00000000
1776516929.736456611,7,0x000350ea,0x00000000,0x00000000
1776516929.736456611,8,0x0002734e,0x00000000,0x00000000
1776516929.736456611,9,0x000406e7,0x00000000,0x00000000
1776516929.736456611,10,0x0003878c,0x00000000,0x00000000
1776516929.736456611,11,0x0013ce73,0x00000000,0x00000000
1776516929.736456611,12,0x00035751,0x00000000,0x00000000
1776516929.736456611,13,0x00037f09,0x00000000,0x00000000
1776516929.736456611,14,0x0002c0c7,0x00000000,0x00000000
1776516929.736456611,15,0x00040f2a,0x00000000,0x00000000
1776516929.736456611,16,0x00000683,0x00000000,0x00000000
1776516929.736456611,17,0x000004fe,0x00000000,0x00000000
1776516929.736456611,18,0x000004e8,0x00000000,0x00000000
1776516929.736456611,19,0x000003c0,0x00000000,0x00000000
1776516930.802736068,0,0x0003d8d3,0x00000000,0x00000000
1776516930.802736068,1,0x000252d6,0x00000000,0x00000000
1776516930.802736068,2,0x000376e7,0x00000000,0x00000000
1776516930.802736068,3,0x0003121a,0x00000000,0x00000000
1776516930.802736068,4,0x00034005,0x00000000,0x00000000
1776516930.802736068,5,0x00033ca9,0x00000000,0x00000000
1776516930.802736068,6,0x00033523,0x00000000,0x00000000
1776516930.802736068,7,0x0003516d,0x00000000,0x00000000
1776516930.802736068,8,0x0002734e,0x00000000,0x00000000
1776516930.802736068,9,0x00040776,0x00000000,0x00000000
1776516930.802736068,10,0x0003878e,0x00000000,0x00000000
1776516930.802736068,11,0x0013ced4,0x00000000,0x00000000
1776516930.802736068,12,0x00035797,0x00000000,0x00000000
1776516930.802736068,13,0x00037f09,0x00000000,0x00000000
1776516930.802736068,14,0x0002c0c7,0x00000000,0x00000000
1776516930.802736068,15,0x00040fb2,0x00000000,0x00000000
1776516930.802736068,16,0x00000683,0x00000000,0x00000000
1776516930.802736068,17,0x000004fe,0x00000000,0x00000000
1776516930.802736068,18,0x000004e8,0x00000000,0x00000000
1776516930.802736068,19,0x000003c0,0x00000000,0x00000000
1776516931.864933302,0,0x0003d911,0x00000000,0x00000000
1776516931.864933302,1,0x000252d6,0x00000000,0x00000000
1776516931.864933302,2,0x000376f8,0x00000000,0x00000000
1776516931.864933302,3,0x00031226,0x00000000,0x00000000
1776516931.864933302,4,0x00034005,0x00000000,0x00000000
1776516931.864933302,5,0x00033d08,0x00000000,0x00000000
1776516931.864933302,6,0x00033524,0x00000000,0x00000000
1776516931.864933302,7,0x000351ca,0x00000000,0x00000000
1776516931.864933302,8,0x0002734e,0x00000000,0x00000000
1776516931.864933302,9,0x0004081b,0x00000000,0x00000000
1776516931.864933302,10,0x0003878e,0x00000000,0x00000000
1776516931.864933302,11,0x0013cf41,0x00000000,0x00000000
1776516931.864933302,12,0x000357eb,0x00000000,0x00000000
1776516931.864933302,13,0x00037f32,0x00000000,0x00000000
1776516931.864933302,14,0x0002c118,0x00000000,0x00000000
1776516931.864933302,15,0x0004101b,0x00000000,0x00000000
1776516931.864933302,16,0x00000683,0x00000000,0x00000000
1776516931.864933302,17,0x000004fe,0x00000000,0x00000000
1776516931.864933302,18,0x000004e8,0x00000000,0x00000000
1776516931.864933302,19,0x000003c0,0x00000000,0x00000000
1776516932.930817169,0,0x0003d97d,0x00000000,0x00000000
1776516932.930817169,1,0x000252dd,0x00000000,0x00000000
1776516932.930817169,2,0x0003774a,0x00000000,0x00000000
1776516932.930817169,3,0x00031226,0x00000000,0x00000000
1776516932.930817169,4,0x00034005,0x00000000,0x00000000
1776516932.930817169,5,0x00033d3b,0x00000000,0x00000000
1776516932.930817169,6,0x00033543,0x00000000,0x00000000
1776516932.930817169,7,0x000351ca,0x00000000,0x00000000
1776516932.930817169,8,0x0002737b,0x00000000,0x00000000
1776516932.930817169,9,0x0004081b,0x00000000,0x00000000
1776516932.930817169,10,0x0003878e,0x00000000,0x00000000
1776516932.930817169,11,0x0013cfb2,0x00000000,0x00000000
1776516932.930817169,12,0x000358b7,0x00000000,0x00000000
1776516932.930817169,13,0x00037f38,0x00000000,0x00000000
1776516932.930817169,14,0x0002c1f0,0x00000000,0x00000000
1776516932.930817169,15,0x0004101b,0x00000000,0x00000000
1776516932.930817169,16,0x00000683,0x00000000,0x00000000
1776516932.930817169,17,0x000004fe,0x00000000,0x00000000
1776516932.930817169,18,0x000004e8,0x00000000,0x00000000
1776516932.930817169,19,0x000003c0,0x00000000,0x00000000
1776516933.991989442,0,0x0003d98a,0x00000000,0x00000000
1776516933.991989442,1,0x000252dd,0x00000000,0x00000000
1776516933.991989442,2,0x0003784f,0x00000000,0x00000000
1776516933.991989442,3,0x00031226,0x00000000,0x00000000
1776516933.991989442,4,0x00034005,0x00000000,0x00000000
1776516933.991989442,5,0x00033e1a,0x00000000,0x00000000
1776516933.991989442,6,0x00033568,0x00000000,0x00000000
1776516933.991989442,7,0x000351ca,0x00000000,0x00000000
1776516933.991989442,8,0x00027391,0x00000000,0x00000000
1776516933.991989442,9,0x00040831,0x00000000,0x00000000
1776516933.991989442,10,0x00038791,0x00000000,0x00000000
1776516933.991989442,11,0x0013d001,0x00000000,0x00000000
1776516933.991989442,12,0x000358d9,0x00000000,0x00000000
1776516933.991989442,13,0x00037f42,0x00000000,0x00000000
1776516933.991989442,14,0x0002c240,0x00000000,0x00000000
1776516933.991989442,15,0x0004102b,0x00000000,0x00000000
1776516933.991989442,16,0x00000683,0x00000000,0x00000000
1776516933.991989442,17,0x000004fe,0x00000000,0x00000000
1776516933.991989442,18,0x000004e8,0x00000000,0x00000000
1776516933.991989442,19,0x000003c0,0x00000000,0x00000000
1776516935.058520593,0,0x0003d992,0x00000000,0x00000000
1776516935.058520593,1,0x000252ec,0x00000000,0x00000000
1776516935.058520593,2,0x0003785b,0x00000000,0x00000000
1776516935.058520593,3,0x00031227,0x00000000,0x00000000
1776516935.058520593,4,0x00034005,0x00000000,0x00000000
1776516935.058520593,5,0x00033ee6,0x00000000,0x00000000
1776516935.058520593,6,0x000335ec,0x00000000,0x00000000
1776516935.058520593,7,0x000351ca,0x00000000,0x00000000
1776516935.058520593,8,0x00027391,0x00000000,0x00000000
1776516935.058520593,9,0x000408e6,0x00000000,0x00000000
1776516935.058520593,10,0x000387fe,0x00000000,0x00000000
1776516935.058520593,11,0x0013d046,0x00000000,0x00000000
1776516935.058520593,12,0x000358f9,0x00000000,0x00000000
1776516935.058520593,13,0x00037f42,0x00000000,0x00000000
1776516935.058520593,14,0x0002c240,0x00000000,0x00000000
1776516935.058520593,15,0x00041051,0x00000000,0x00000000
1776516935.058520593,16,0x00000683,0x00000000,0x00000000
1776516935.058520593,17,0x000004fe,0x00000000,0x00000000
1776516935.058520593,18,0x000004e8,0x00000000,0x00000000
1776516935.058520593,19,0x000003c0,0x00000000,0x00000000
1776516936.120671809,0,0x0003d996,0x00000000,0x00000000
1776516936.120671809,1,0x00025300,0x00000000,0x00000000
1776516936.120671809,2,0x00037864,0x00000000,0x00000000
1776516936.120671809,3,0x00031232,0x00000000,0x00000000
1776516936.120671809,4,0x00034007,0x00000000,0x00000000
1776516936.120671809,5,0x00033f00,0x00000000,0x00000000
1776516936.120671809,6,0x0003365b,0x00000000,0x00000000
1776516936.120671809,7,0x000351ca,0x00000000,0x00000000
1776516936.120671809,8,0x00027391,0x00000000,0x00000000
1776516936.120671809,9,0x000409ab,0x00000000,0x00000000
1776516936.120671809,10,0x0003885c,0x00000000,0x00000000
1776516936.120671809,11,0x0013d077,0x00000000,0x00000000
1776516936.120671809,12,0x000359b7,0x00000000,0x00000000
1776516936.120671809,13,0x00037f42,0x00000000,0x00000000
1776516936.120671809,14,0x0002c240,0x00000000,0x00000000
1776516936.120671809,15,0x0004107d,0x00000000,0x00000000
1776516936.120671809,16,0x00000683,0x00000000,0x00000000
1776516936.120671809,17,0x000004fe,0x00000000,0x00000000
1776516936.120671809,18,0x000004e8,0x00000000,0x00000000
1776516936.120671809,19,0x000003c0,0x00000000,0x00000000
1776516937.184864163,0,0x0003d9c5,0x00000000,0x00000000
1776516937.184864163,1,0x00025315,0x00000000,0x00000000
1776516937.184864163,2,0x00037875,0x00000000,0x00000000
1776516937.184864163,3,0x00031235,0x00000000,0x00000000
1776516937.184864163,4,0x00034021,0x00000000,0x00000000
1776516937.184864163,5,0x00033f00,0x00000000,0x00000000
1776516937.184864163,6,0x0003368c,0x00000000,0x00000000
1776516937.184864163,7,0x000351ca,0x00000000,0x00000000
1776516937.184864163,8,0x00027391,0x00000000,0x00000000
1776516937.184864163,9,0x00040a42,0x00000000,0x00000000
1776516937.184864163,10,0x00038905,0x00000000,0x00000000
1776516937.184864163,11,0x0013d0c2,0x00000000,0x00000000
1776516937.184864163,12,0x00035a4b,0x00000000,0x00000000
1776516937.184864163,13,0x00037f44,0x00000000,0x00000000
1776516937.184864163,14,0x0002c240,0x00000000,0x00000000
1776516937.184864163,15,0x000410f0,0x00000000,0x00000000
1776516937.184864163,16,0x00000683,0x00000000,0x00000000
1776516937.184864163,17,0x000004fe,0x00000000,0x00000000
1776516937.184864163,18,0x000004e8,0x00000000,0x00000000
1776516937.184864163,19,0x000003c0,0x00000000,0x00000000
1776516938.246482890,0,0x0003da09,0x00000000,0x00000000
1776516938.246482890,1,0x00025327,0x00000000,0x00000000
1776516938.246482890,2,0x000378db,0x00000000,0x00000000
1776516938.246482890,3,0x00031235,0x00000000,0x00000000
1776516938.246482890,4,0x00034037,0x00000000,0x00000000
1776516938.246482890,5,0x00033f00,0x00000000,0x00000000
1776516938.246482890,6,0x000336cf,0x00000000,0x00000000
1776516938.246482890,7,0x000351ca,0x00000000,0x00000000
1776516938.246482890,8,0x00027396,0x00000000,0x00000000
1776516938.246482890,9,0x00040a92,0x00000000,0x00000000
1776516938.246482890,10,0x0003895a,0x00000000,0x00000000
1776516938.246482890,11,0x0013d0f3,0x00000000,0x00000000
1776516938.246482890,12,0x00035aee,0x00000000,0x00000000
1776516938.246482890,13,0x00037f44,0x00000000,0x00000000
1776516938.246482890,14,0x0002c24a,0x00000000,0x00000000
1776516938.246482890,15,0x00041125,0x00000000,0x00000000
1776516938.246482890,16,0x00000683,0x00000000,0x00000000
1776516938.246482890,17,0x000004fe,0x00000000,0x00000000
1776516938.246482890,18,0x000004e8,0x00000000,0x00000000
1776516938.246482890,19,0x000003c0,0x00000000,0x00000000
1776516939.310209617,0,0x0003da9a,0x00000000,0x00000000
1776516939.310209617,1,0x00025327,0x00000000,0x00000000
1776516939.310209617,2,0x000378f4,0x00000000,0x00000000
1776516939.310209617,3,0x00031235,0x00000000,0x00000000
1776516939.310209617,4,0x00034056,0x00000000,0x00000000
1776516939.310209617,5,0x00033f00,0x00000000,0x00000000
1776516939.310209617,6,0x00033705,0x00000000,0x00000000
1776516939.310209617,7,0x000351e3,0x00000000,0x00000000
1776516939.310209617,8,0x00027469,0x00000000,0x00000000
1776516939.310209617,9,0x00040a92,0x00000000,0x00000000
1776516939.310209617,10,0x000389a6,0x00000000,0x00000000
1776516939.310209617,11,0x0013d186,0x00000000,0x00000000
1776516939.310209617,12,0x00035b1e,0x00000000,0x00000000
1776516939.310209617,13,0x00037f44,0x00000000,0x00000000
1776516939.310209617,14,0x0002c258,0x00000000,0x00000000
1776516939.310209617,15,0x0004112e,0x00000000,0x00000000
1776516939.310209617,16,0x00000683,0x00000000,0x00000000
1776516939.310209617,17,0x000004fe,0x00000000,0x00000000
1776516939.310209617,18,0x000004e8,0x00000000,0x00000000
1776516939.310209617,19,0x000003c0,0x00000000,0x00000000
1776516940.372831628,0,0x0003db16,0x00000000,0x00000000
1776516940.372831628,1,0x0002532b,0x00000000,0x00000000
1776516940.372831628,2,0x00037990,0x00000000,0x00000000
1776516940.372831628,3,0x00031235,0x00000000,0x00000000
1776516940.372831628,4,0x00034077,0x00000000,0x00000000
1776516940.372831628,5,0x00033f00,0x00000000,0x00000000
1776516940.372831628,6,0x00033705,0x00000000,0x00000000
1776516940.372831628,7,0x00035254,0x00000000,0x00000000
1776516940.372831628,8,0x00027469,0x00000000,0x00000000
1776516940.372831628,9,0x00040abb,0x00000000,0x00000000
1776516940.372831628,10,0x000389d6,0x00000000,0x00000000
1776516940.372831628,11,0x0013d1b7,0x00000000,0x00000000
1776516940.372831628,12,0x00035b24,0x00000000,0x00000000
1776516940.372831628,13,0x00037f4e,0x00000000,0x00000000
1776516940.372831628,14,0x0002c258,0x00000000,0x00000000
1776516940.372831628,15,0x000411c8,0x00000000,0x00000000
1776516940.372831628,16,0x00000683,0x00000000,0x00000000
1776516940.372831628,17,0x000004fe,0x00000000,0x00000000
1776516940.372831628,18,0x000004e8,0x00000000,0x00000000
1776516940.372831628,19,0x000003c0,0x00000000,0x00000000
1776516941.439156762,0,0x0003db2d,0x00000000,0x00000000
1776516941.439156762,1,0x0002539f,0x00000000,0x00000000
1776516941.439156762,2,0x00037a0b,0x00000000,0x00000000
1776516941.439156762,3,0x00031235,0x00000000,0x00000000
1776516941.439156762,4,0x000340e5,0x00000000,0x00000000
1776516941.439156762,5,0x00033f00,0x00000000,0x00000000
1776516941.439156762,6,0x00033761,0x00000000,0x00000000
1776516941.439156762,7,0x00035264,0x00000000,0x00000000
1776516941.439156762,8,0x000274a1,0x00000000,0x00000000
1776516941.439156762,9,0x00040ac4,0x00000000,0x00000000
1776516941.439156762,10,0x00038a15,0x00000000,0x00000000
1776516941.439156762,11,0x0013d235,0x00000000,0x00000000
1776516941.439156762,12,0x00035b44,0x00000000,0x00000000
1776516941.439156762,13,0x00037f4e,0x00000000,0x00000000
1776516941.439156762,14,0x0002c259,0x00000000,0x00000000
1776516941.439156762,15,0x00041233,0x00000000,0x00000000
1776516941.439156762,16,0x00000683,0x00000000,0x00000000
1776516941.439156762,17,0x000004fe,0x00000000,0x00000000
1776516941.439156762,18,0x000004e8,0x00000000,0x00000000
1776516941.439156762,19,0x000003c0,0x00000000,0x00000000
1776516942.501182606,0,0x0003db2d,0x00000000,0x00000000
1776516942.501182606,1,0x000253b1,0x00000000,0x00000000
1776516942.501182606,2,0x00037a0f,0x00000000,0x00000000
1776516942.501182606,3,0x00031242,0x00000000,0x00000000
1776516942.501182606,4,0x0003411b,0x00000000,0x00000000
1776516942.501182606,5,0x00033f00,0x00000000,0x00000000
1776516942.501182606,6,0x00033834,0x00000000,0x00000000
1776516942.501182606,7,0x00035264,0x00000000,0x00000000
1776516942.501182606,8,0x00027527,0x00000000,0x00000000
1776516942.501182606,9,0x00040b45,0x00000000,0x00000000
1776516942.501182606,10,0x00038a32,0x00000000,0x00000000
1776516942.501182606,11,0x0013d295,0x00000000,0x00000000
1776516942.501182606,12,0x00035b6d,0x00000000,0x00000000
1776516942.501182606,13,0x00037f50,0x00000000,0x00000000
1776516942.501182606,14,0x0002c277,0x00000000,0x00000000
1776516942.501182606,15,0x00041233,0x00000000,0x00000000
1776516942.501182606,16,0x00000683,0x00000000,0x00000000
1776516942.501182606,17,0x000004fe,0x00000000,0x00000000
1776516942.501182606,18,0x000004e8,0x00000000,0x00000000
1776516942.501182606,19,0x000003c0,0x00000000,0x00000000
1776516943.565423066,0,0x0003db41,0x00000000,0x00000000
1776516943.565423066,1,0x000253b1,0x00000000,0x00000000
1776516943.565423066,2,0x00037a1d,0x00000000,0x00000000
1776516943.565423066,3,0x00031255,0x00000000,0x00000000
1776516943.565423066,4,0x0003413d,0x00000000,0x00000000
1776516943.565423066,5,0x00033f00,0x00000000,0x00000000
1776516943.565423066,6,0x00033858,0x00000000,0x00000000
1776516943.565423066,7,0x00035264,0x00000000,0x00000000
1776516943.565423066,8,0x00027541,0x00000000,0x00000000
1776516943.565423066,9,0x00040b7d,0x00000000,0x00000000
1776516943.565423066,10,0x00038ad5,0x00000000,0x00000000
1776516943.565423066,11,0x0013d32e,0x00000000,0x00000000
1776516943.565423066,12,0x00035c2d,0x00000000,0x00000000
1776516943.565423066,13,0x00037f50,0x00000000,0x00000000
1776516943.565423066,14,0x0002c2a3,0x00000000,0x00000000
1776516943.565423066,15,0x00041267,0x00000000,0x00000000
1776516943.565423066,16,0x00000683,0x00000000,0x00000000
1776516943.565423066,17,0x000004fe,0x00000000,0x00000000
1776516943.565423066,18,0x000004e8,0x00000000,0x00000000
1776516943.565423066,19,0x000003c0,0x00000000,0x00000000
1776516944.627568174,0,0x0003dbd6,0x00000000,0x00000000
1776516944.627568174,1,0x000253b1,0x00000000,0x00000000
1776516944.627568174,2,0x00037a1d,0x00000000,0x00000000
1776516944.627568174,3,0x00031276,0x00000000,0x00000000
1776516944.627568174,4,0x00034170,0x00000000,0x00000000
1776516944.627568174,5,0x00033f00,0x00000000,0x00000000
1776516944.627568174,6,0x00033911,0x00000000,0x00000000
1776516944.627568174,7,0x00035264,0x00000000,0x00000000
1776516944.627568174,8,0x000275cc,0x00000000,0x00000000
1776516944.627568174,9,0x00040b7d,0x00000000,0x00000000
1776516944.627568174,10,0x00038b25,0x00000000,0x00000000
1776516944.627568174,11,0x0013d361,0x00000000,0x00000000
1776516944.627568174,12,0x00035c52,0x00000000,0x00000000
1776516944.627568174,13,0x00037f50,0x00000000,0x00000000
1776516944.627568174,14,0x0002c2d3,0x00000000,0x00000000
1776516944.627568174,15,0x00041267,0x00000000,0x00000000
1776516944.627568174,16,0x00000683,0x00000000,0x00000000
1776516944.627568174,17,0x000004fe,0x00000000,0x00000000
1776516944.627568174,18,0x000004e8,0x00000000,0x00000000
1776516944.627568174,19,0x000003c0,0x00000000,0x00000000
1776516945.691238715,0,0x0003dbd9,0x00000000,0x00000000
1776516945.691238715,1,0x000253b6,0x00000000,0x00000000
1776516945.691238715,2,0x00037a1d,0x00000000,0x00000000
1776516945.691238715,3,0x00031289,0x00000000,0x00000000
1776516945.691238715,4,0x00034181,0x00000000,0x00000000
1776516945.691238715,5,0x00033f00,0x00000000,0x00000000
1776516945.691238715,6,0x0003398d,0x00000000,0x00000000
1776516945.691238715,7,0x00035297,0x00000000,0x00000000
1776516945.691238715,8,0x000276ba,0x00000000,0x00000000
1776516945.691238715,9,0x00040b7d,0x00000000,0x00000000
1776516945.691238715,10,0x00038b33,0x00000000,0x00000000
1776516945.691238715,11,0x0013d446,0x00000000,0x00000000
1776516945.691238715,12,0x00035c72,0x00000000,0x00000000
1776516945.691238715,13,0x00037f5a,0x00000000,0x00000000
1776516945.691238715,14,0x0002c2f6,0x00000000,0x00000000
1776516945.691238715,15,0x00041267,0x00000000,0x00000000
1776516945.691238715,16,0x00000683,0x00000000,0x00000000
1776516945.691238715,17,0x000004fe,0x00000000,0x00000000
1776516945.691238715,18,0x000004e8,0x00000000,0x00000000
1776516945.691238715,19,0x000003c0,0x00000000,0x00000000
1776516946.752897913,0,0x0003dc76,0x00000000,0x00000000
1776516946.752897913,1,0x000253b6,0x00000000,0x00000000
1776516946.752897913,2,0x00037a1d,0x00000000,0x00000000
1776516946.752897913,3,0x0003129c,0x00000000,0x00000000
1776516946.752897913,4,0x00034196,0x00000000,0x00000000
1776516946.752897913,5,0x00033f00,0x00000000,0x00000000
1776516946.752897913,6,0x0003398d,0x00000000,0x00000000
1776516946.752897913,7,0x000352a8,0x00000000,0x00000000
1776516946.752897913,8,0x000277a9,0x00000000,0x00000000
1776516946.752897913,9,0x00040b7d,0x00000000,0x00000000
1776516946.752897913,10,0x00038b33,0x00000000,0x00000000
1776516946.752897913,11,0x0013d4a6,0x00000000,0x00000000
1776516946.752897913,12,0x00035c72,0x00000000,0x00000000
1776516946.752897913,13,0x00037fbc,0x00000000,0x00000000
1776516946.752897913,14,0x0002c389,0x00000000,0x00000000
1776516946.752897913,15,0x00041267,0x00000000,0x00000000
1776516946.752897913,16,0x00000683,0x00000000,0x00000000
1776516946.752897913,17,0x000004fe,0x00000000,0x00000000
1776516946.752897913,18,0x000004e8,0x00000000,0x00000000
1776516946.752897913,19,0x000003c0,0x00000000,0x00000000
1776516947.816425313,0,0x0003dcda,0x00000000,0x00000000
1776516947.816425313,1,0x000253b6,0x00000000,0x00000000
1776516947.816425313,2,0x00037a1d,0x00000000,0x00000000
1776516947.816425313,3,0x000312f6,0x00000000,0x00000000
1776516947.816425313,4,0x0003421d,0x00000000,0x00000000
1776516947.816425313,5,0x00033f00,0x00000000,0x00000000
1776516947.816425313,6,0x0003399e,0x00000000,0x00000000
1776516947.816425313,7,0x000352b8,0x00000000,0x00000000
1776516947.816425313,8,0x0002786b,0x00000000,0x00000000
1776516947.816425313,9,0x00040b7d,0x00000000,0x00000000
1776516947.816425313,10,0x00038b81,0x00000000,0x00000000
1776516947.816425313,11,0x0013d51b,0x00000000,0x00000000
1776516947.816425313,12,0x00035c72,0x00000000,0x00000000
1776516947.816425313,13,0x00037fdd,0x00000000,0x00000000
1776516947.816425313,14,0x0002c3a1,0x00000000,0x00000000
1776516947.816425313,15,0x00041267,0x00000000,0x00000000
1776516947.816425313,16,0x00000683,0x00000000,0x00000000
1776516947.816425313,17,0x000004fe,0x00000000,0x00000000
1776516947.816425313,18,0x000004e8,0x00000000,0x00000000
1776516947.816425313,19,0x000003c0,0x00000000,0x00000000
1776516948.883727421,0,0x0003dce6,0x00000000,0x00000000
1776516948.883727421,1,0x000253b6,0x00000000,0x00000000
1776516948.883727421,2,0x00037a27,0x00000000,0x00000000
1776516948.883727421,3,0x000312f6,0x00000000,0x00000000
1776516948.883727421,4,0x0003426d,0x00000000,0x00000000
1776516948.883727421,5,0x00033f00,0x00000000,0x00000000
1776516948.883727421,6,0x000339bc,0x00000000,0x00000000
1776516948.883727421,7,0x000352b8,0x00000000,0x00000000
1776516948.883727421,8,0x00027942,0x00000000,0x00000000
1776516948.883727421,9,0x00040b7d,0x00000000,0x00000000
1776516948.883727421,10,0x00038c31,0x00000000,0x00000000
1776516948.883727421,11,0x0013d54d,0x00000000,0x00000000
1776516948.883727421,12,0x00035c74,0x00000000,0x00000000
1776516948.883727421,13,0x0003800d,0x00000000,0x00000000
1776516948.883727421,14,0x0002c412,0x00000000,0x00000000
1776516948.883727421,15,0x00041267,0x00000000,0x00000000
1776516948.883727421,16,0x00000683,0x00000000,0x00000000
1776516948.883727421,17,0x000004fe,0x00000000,0x00000000
1776516948.883727421,18,0x000004e8,0x00000000,0x00000000
1776516948.883727421,19,0x000003c0,0x00000000,0x00000000
1776516949.947074223,0,0x0003dd5e,0x00000000,0x00000000
1776516949.947074223,1,0x000253b6,0x00000000,0x00000000
1776516949.947074223,2,0x00037a5e,0x00000000,0x00000000
1776516949.947074223,3,0x00031317,0x00000000,0x00000000
1776516949.947074223,4,0x0003428e,0x00000000,0x00000000
1776516949.947074223,5,0x00033f00,0x00000000,0x00000000
1776516949.947074223,6,0x000339ce,0x00000000,0x00000000
1776516949.947074223,7,0x000352bc,0x00000000,0x00000000
1776516949.947074223,8,0x00027a0e,0x00000000,0x00000000
1776516949.947074223,9,0x00040b7d,0x00000000,0x00000000
1776516949.947074223,10,0x00038c4f,0x00000000,0x00000000
1776516949.947074223,11,0x0013d5a7,0x00000000,0x00000000
1776516949.947074223,12,0x00035c74,0x00000000,0x00000000
1776516949.947074223,13,0x00038039,0x00000000,0x00000000
1776516949.947074223,14,0x0002c4d6,0x00000000,0x00000000
1776516949.947074223,15,0x00041267,0x00000000,0x00000000
1776516949.947074223,16,0x00000683,0x00000000,0x00000000
1776516949.947074223,17,0x000004fe,0x00000000,0x00000000
1776516949.947074223,18,0x000004e8,0x00000000,0x00000000
1776516949.947074223,19,0x000003c0,0x00000000,0x00000000
1776516951.014747436,0,0x0003ddcc,0x00000000,0x00000000
1776516951.014747436,1,0x000253b6,0x00000000,0x00000000
1776516951.014747436,2,0x00037a5e,0x00000000,0x00000000
1776516951.014747436,3,0x0003132f,0x00000000,0x00000000
1776516951.014747436,4,0x000342af,0x00000000,0x00000000
1776516951.014747436,5,0x00033f00,0x00000000,0x00000000
1776516951.014747436,6,0x000339ec,0x00000000,0x00000000
1776516951.014747436,7,0x000352bc,0x00000000,0x00000000
1776516951.014747436,8,0x00027aaa,0x00000000,0x00000000
1776516951.014747436,9,0x00040b7d,0x00000000,0x00000000
1776516951.014747436,10,0x00038c59,0x00000000,0x00000000
1776516951.014747436,11,0x0013d5fc,0x00000000,0x00000000
1776516951.014747436,12,0x00035c74,0x00000000,0x00000000
1776516951.014747436,13,0x000380e5,0x00000000,0x00000000
1776516951.014747436,14,0x0002c578,0x00000000,0x00000000
1776516951.014747436,15,0x00041267,0x00000000,0x00000000
1776516951.014747436,16,0x00000683,0x00000000,0x00000000
1776516951.014747436,17,0x000004fe,0x00000000,0x00000000
1776516951.014747436,18,0x000004e8,0x00000000,0x00000000
1776516951.014747436,19,0x000003c0,0x00000000,0x00000000
1776516952.077591921,0,0x0003de96,0x00000000,0x00000000
1776516952.077591921,1,0x000253b6,0x00000000,0x00000000
1776516952.077591921,2,0x00037ae5,0x00000000,0x00000000
1776516952.077591921,3,0x0003132f,0x00000000,0x00000000
1776516952.077591921,4,0x000342c6,0x00000000,0x00000000
1776516952.077591921,5,0x00033f07,0x00000000,0x00000000
1776516952.077591921,6,0x00033a0c,0x00000000,0x00000000
1776516952.077591921,7,0x000352bc,0x00000000,0x00000000
1776516952.077591921,8,0x00027ae6,0x00000000,0x00000000
1776516952.077591921,9,0x00040b94,0x00000000,0x00000000
1776516952.077591921,10,0x00038c61,0x00000000,0x00000000
1776516952.077591921,11,0x0013d676,0x00000000,0x00000000
1776516952.077591921,12,0x00035c74,0x00000000,0x00000000
1776516952.077591921,13,0x00038116,0x00000000,0x00000000
1776516952.077591921,14,0x0002c63b,0x00000000,0x00000000
1776516952.077591921,15,0x00041267,0x00000000,0x00000000
1776516952.077591921,16,0x00000683,0x00000000,0x00000000
1776516952.077591921,17,0x000004fe,0x00000000,0x00000000
1776516952.077591921,18,0x000004e8,0x00000000,0x00000000
1776516952.077591921,19,0x000003c0,0x00000000,0x00000000
1776516953.141187129,0,0x0003dea5,0x00000000,0x00000000
1776516953.141187129,1,0x00025479,0x00000000,0x00000000
1776516953.141187129,2,0x00037bb5,0x00000000,0x00000000
1776516953.141187129,3,0x0003132f,0x00000000,0x00000000
1776516953.141187129,4,0x000342c6,0x00000000,0x00000000
1776516953.141187129,5,0x00033f3d,0x00000000,0x00000000
1776516953.141187129,6,0x00033aa2,0x00000000,0x00000000
1776516953.141187129,7,0x000352bc,0x00000000,0x00000000
1776516953.141187129,8,0x00027aed,0x00000000,0x00000000
1776516953.141187129,9,0x00040bb1,0x00000000,0x00000000
1776516953.141187129,10,0x00038c77,0x00000000,0x00000000
1776516953.141187129,11,0x0013d6b4,0x00000000,0x00000000
1776516953.141187129,12,0x00035c89,0x00000000,0x00000000
1776516953.141187129,13,0x0003812d,0x00000000,0x00000000
1776516953.141187129,14,0x0002c669,0x00000000,0x00000000
1776516953.141187129,15,0x00041267,0x00000000,0x00000000
1776516953.141187129,16,0x00000683,0x00000000,0x00000000
1776516953.141187129,17,0x000004fe,0x00000000,0x00000000
1776516953.141187129,18,0x000004e8,0x00000000,0x00000000
1776516953.141187129,19,0x000003c0,0x00000000,0x00000000
1776516954.202415675,0,0x0003dec1,0x00000000,0x00000000
1776516954.202415675,1,0x00025479,0x00000000,0x00000000
1776516954.202415675,2,0x00037c20,0x00000000,0x00000000
1776516954.202415675,3,0x0003132f,0x00000000,0x00000000
1776516954.202415675,4,0x000342c6,0x00000000,0x00000000
1776516954.202415675,5,0x00033fda,0x00000000,0x00000000
1776516954.202415675,6,0x00033b62,0x00000000,0x00000000
1776516954.202415675,7,0x000352bc,0x00000000,0x00000000
1776516954.202415675,8,0x00027afd,0x00000000,0x00000000
1776516954.202415675,9,0x00040bc7,0x00000000,0x00000000
1776516954.202415675,10,0x00038cd4,0x00000000,0x00000000
1776516954.202415675,11,0x0013d705,0x00000000,0x00000000
1776516954.202415675,12,0x00035c89,0x00000000,0x00000000
1776516954.202415675,13,0x00038141,0x00000000,0x00000000
1776516954.202415675,14,0x0002c6a8,0x00000000,0x00000000
1776516954.202415675,15,0x0004126a,0x00000000,0x00000000
1776516954.202415675,16,0x00000683,0x00000000,0x00000000
1776516954.202415675,17,0x000004fe,0x00000000,0x00000000
1776516954.202415675,18,0x000004e8,0x00000000,0x00000000
1776516954.202415675,19,0x000003c0,0x00000000,0x00000000
1776516955.265429548,0,0x0003ded0,0x00000000,0x00000000
1776516955.265429548,1,0x0002547a,0x00000000,0x00000000
1776516955.265429548,2,0x00037ce4,0x00000000,0x00000000
1776516955.265429548,3,0x0003132f,0x00000000,0x00000000
1776516955.265429548,4,0x000342c6,0x00000000,0x00000000
1776516955.265429548,5,0x00034037,0x00000000,0x00000000
1776516955.265429548,6,0x00033bf9,0x00000000,0x00000000
1776516955.265429548,7,0x000352bc,0x00000000,0x00000000
1776516955.265429548,8,0x00027b1a,0x00000000,0x00000000
1776516955.265429548,9,0x00040bc7,0x00000000,0x00000000
1776516955.265429548,10,0x00038cf9,0x00000000,0x00000000
1776516955.265429548,11,0x0013d76d,0x00000000,0x00000000
1776516955.265429548,12,0x00035c89,0x00000000,0x00000000
1776516955.265429548,13,0x000381e3,0x00000000,0x00000000
1776516955.265429548,14,0x0002c6ba,0x00000000,0x00000000
1776516955.265429548,15,0x0004126f,0x00000000,0x00000000
1776516955.265429548,16,0x00000683,0x00000000,0x00000000
1776516955.265429548,17,0x000004fe,0x00000000,0x00000000
1776516955.265429548,18,0x000004e8,0x00000000,0x00000000
1776516955.265429548,19,0x000003c0,0x00000000,0x00000000
1776516956.329845960,0,0x0003defb,0x00000000,0x00000000
1776516956.329845960,1,0x0002547a,0x00000000,0x00000000
1776516956.329845960,2,0x00037d7b,0x00000000,0x00000000
1776516956.329845960,3,0x0003132f,0x00000000,0x00000000
1776516956.329845960,4,0x000342f3,0x00000000,0x00000000
1776516956.329845960,5,0x0003405a,0x00000000,0x00000000
1776516956.329845960,6,0x00033c83,0x00000000,0x00000000
1776516956.329845960,7,0x000352bc,0x00000000,0x00000000
1776516956.329845960,8,0x00027b2b,0x00000000,0x00000000
1776516956.329845960,9,0x00040c62,0x00000000,0x00000000
1776516956.329845960,10,0x00038d03,0x00000000,0x00000000
1776516956.329845960,11,0x0013d7f1,0x00000000,0x00000000
1776516956.329845960,12,0x00035c89,0x00000000,0x00000000
1776516956.329845960,13,0x000381ff,0x00000000,0x00000000
1776516956.329845960,14,0x0002c6d6,0x00000000,0x00000000
1776516956.329845960,15,0x00041279,0x00000000,0x00000000
1776516956.329845960,16,0x00000683,0x00000000,0x00000000
1776516956.329845960,17,0x000004fe,0x00000000,0x00000000
1776516956.329845960,18,0x000004e8,0x00000000,0x00000000
1776516956.329845960,19,0x000003c0,0x00000000,0x00000000
1776516957.392419029,0,0x0003df24,0x00000000,0x00000000
1776516957.392419029,1,0x0002547a,0x00000000,0x00000000
1776516957.392419029,2,0x00037d9e,0x00000000,0x00000000
1776516957.392419029,3,0x0003132f,0x00000000,0x00000000
1776516957.392419029,4,0x00034388,0x00000000,0x00000000
1776516957.392419029,5,0x0003405b,0x00000000,0x00000000
1776516957.392419029,6,0x00033cf1,0x00000000,0x00000000
1776516957.392419029,7,0x000352bc,0x00000000,0x00000000
1776516957.392419029,8,0x00027b34,0x00000000,0x00000000
1776516957.392419029,9,0x00040d1f,0x00000000,0x00000000
1776516957.392419029,10,0x00038da6,0x00000000,0x00000000
1776516957.392419029,11,0x0013d822,0x00000000,0x00000000
1776516957.392419029,12,0x00035c89,0x00000000,0x00000000
1776516957.392419029,13,0x00038219,0x00000000,0x00000000
1776516957.392419029,14,0x0002c6f0,0x00000000,0x00000000
1776516957.392419029,15,0x00041279,0x00000000,0x00000000
1776516957.392419029,16,0x00000683,0x00000000,0x00000000
1776516957.392419029,17,0x000004fe,0x00000000,0x00000000
1776516957.392419029,18,0x000004e8,0x00000000,0x00000000
1776516957.392419029,19,0x000003c0,0x00000000,0x00000000
1776516958.455522186,0,0x0003df5d,0x00000000,0x00000000
1776516958.455522186,1,0x0002547a,0x00000000,0x00000000
1776516958.455522186,2,0x00037db1,0x00000000,0x00000000
1776516958.455522186,3,0x00031350,0x00000000,0x00000000
1776516958.455522186,4,0x00034388,0x00000000,0x00000000
1776516958.455522186,5,0x0003407b,0x00000000,0x00000000
1776516958.455522186,6,0x00033d04,0x00000000,0x00000000
1776516958.455522186,7,0x000352bc,0x00000000,0x00000000
1776516958.455522186,8,0x00027b48,0x00000000,0x00000000
1776516958.455522186,9,0x00040d42,0x00000000,0x00000000
1776516958.455522186,10,0x00038e5c,0x00000000,0x00000000
1776516958.455522186,11,0x0013d873,0x00000000,0x00000000
1776516958.455522186,12,0x00035c89,0x00000000,0x00000000
1776516958.455522186,13,0x00038283,0x00000000,0x00000000
1776516958.455522186,14,0x0002c79c,0x00000000,0x00000000
1776516958.455522186,15,0x00041279,0x00000000,0x00000000
1776516958.455522186,16,0x00000683,0x00000000,0x00000000
1776516958.455522186,17,0x000004fe,0x00000000,0x00000000
1776516958.455522186,18,0x000004e8,0x00000000,0x00000000
1776516958.455522186,19,0x000003c0,0x00000000,0x00000000
1776516959.518129971,0,0x0003dfff,0x00000000,0x00000000
1776516959.518129971,1,0x0002547a,0x00000000,0x00000000
1776516959.518129971,2,0x00037db7,0x00000000,0x00000000
1776516959.518129971,3,0x00031381,0x00000000,0x00000000
1776516959.518129971,4,0x00034388,0x00000000,0x00000000
1776516959.518129971,5,0x00034093,0x00000000,0x00000000
1776516959.518129971,6,0x00033d2d,0x00000000,0x00000000
1776516959.518129971,7,0x000352bc,0x00000000,0x00000000
1776516959.518129971,8,0x00027b52,0x00000000,0x00000000
1776516959.518129971,9,0x00040d4d,0x00000000,0x00000000
1776516959.518129971,10,0x00038ecd,0x00000000,0x00000000
1776516959.518129971,11,0x0013d8c8,0x00000000,0x00000000
1776516959.518129971,12,0x00035c89,0x00000000,0x00000000
1776516959.518129971,13,0x000382ff,0x00000000,0x00000000
1776516959.518129971,14,0x0002c83f,0x00000000,0x00000000
1776516959.518129971,15,0x0004128d,0x00000000,0x00000000
1776516959.518129971,16,0x00000683,0x00000000,0x00000000
1776516959.518129971,17,0x000004fe,0x00000000,0x00000000
1776516959.518129971,18,0x000004e8,0x00000000,0x00000000
1776516959.518129971,19,0x000003c0,0x00000000,0x00000000
1776516960.583214598,0,0x0003e07b,0x00000000,0x00000000
1776516960.583214598,1,0x0002547a,0x00000000,0x00000000
1776516960.583214598,2,0x00037e09,0x00000000,0x00000000
1776516960.583214598,3,0x000313c5,0x00000000,0x00000000
1776516960.583214598,4,0x00034388,0x00000000,0x00000000
1776516960.583214598,5,0x000340dd,0x00000000,0x00000000
1776516960.583214598,6,0x00033d4b,0x00000000,0x00000000
1776516960.583214598,7,0x000352bc,0x00000000,0x00000000
1776516960.583214598,8,0x00027b72,0x00000000,0x00000000
1776516960.583214598,9,0x00040d4d,0x00000000,0x00000000
1776516960.583214598,10,0x00038f1d,0x00000000,0x00000000
1776516960.583214598,11,0x0013d928,0x00000000,0x00000000
1776516960.583214598,12,0x00035c92,0x00000000,0x00000000
1776516960.583214598,13,0x00038390,0x00000000,0x00000000
1776516960.583214598,14,0x0002c84c,0x00000000,0x00000000
1776516960.583214598,15,0x000412bb,0x00000000,0x00000000
1776516960.583214598,16,0x00000683,0x00000000,0x00000000
1776516960.583214598,17,0x000004fe,0x00000000,0x00000000
1776516960.583214598,18,0x000004e8,0x00000000,0x00000000
1776516960.583214598,19,0x000003c0,0x00000000,0x00000000
1776516961.645698683,0,0x0003e0b5,0x00000000,0x00000000
1776516961.645698683,1,0x00025485,0x00000000,0x00000000
1776516961.645698683,2,0x00037e3e,0x00000000,0x00000000
1776516961.645698683,3,0x000313d2,0x00000000,0x00000000
1776516961.645698683,4,0x000343c8,0x00000000,0x00000000
1776516961.645698683,5,0x000340f4,0x00000000,0x00000000
1776516961.645698683,6,0x00033d98,0x00000000,0x00000000
1776516961.645698683,7,0x000352d0,0x00000000,0x00000000
1776516961.645698683,8,0x00027bac,0x00000000,0x00000000
1776516961.645698683,9,0x00040d69,0x00000000,0x00000000
1776516961.645698683,10,0x00038f3c,0x00000000,0x00000000
1776516961.645698683,11,0x0013d9b0,0x00000000,0x00000000
1776516961.645698683,12,0x00035cc1,0x00000000,0x00000000
1776516961.645698683,13,0x0003839a,0x00000000,0x00000000
1776516961.645698683,14,0x0002c87d,0x00000000,0x00000000
1776516961.645698683,15,0x000412ce,0x00000000,0x00000000
1776516961.645698683,16,0x000006a4,0x00000000,0x00000000
1776516961.645698683,17,0x0000051b,0x00000000,0x00000000
1776516961.645698683,18,0x000004fd,0x00000000,0x00000000
1776516961.645698683,19,0x000003d1,0x00000000,0x00000000
1776516962.708341490,0,0x0003e0da,0x00000000,0x00000000
1776516962.708341490,1,0x00025485,0x00000000,0x00000000
1776516962.708341490,2,0x00037e57,0x00000000,0x00000000
1776516962.708341490,3,0x000313d2,0x00000000,0x00000000
1776516962.708341490,4,0x000343e2,0x00000000,0x00000000
1776516962.708341490,5,0x000340fd,0x00000000,0x00000000
1776516962.708341490,6,0x00033dad,0x00000000,0x00000000
1776516962.708341490,7,0x000352d0,0x00000000,0x00000000
1776516962.708341490,8,0x00027bbd,0x00000000,0x00000000
1776516962.708341490,9,0x00040d78,0x00000000,0x00000000
1776516962.708341490,10,0x00038f53,0x00000000,0x00000000
1776516962.708341490,11,0x0013da0a,0x00000000,0x00000000
1776516962.708341490,12,0x00035cd8,0x00000000,0x00000000
1776516962.708341490,13,0x000383a5,0x00000000,0x00000000
1776516962.708341490,14,0x0002c888,0x00000000,0x00000000
1776516962.708341490,15,0x000412ce,0x00000000,0x00000000
1776516962.708341490,16,0x000006b4,0x00000000,0x00000000
1776516962.708341490,17,0x0000052d,0x00000000,0x00000000
1776516962.708341490,18,0x00000503,0x00000000,0x00000000
1776516962.708341490,19,0x000003d8,0x00000000,0x00000000
1776516963.770514493,0,0x0003e0de,0x00000000,0x00000000
1776516963.770514493,1,0x00025485,0x00000000,0x00000000
1776516963.770514493,2,0x00037e83,0x00000000,0x00000000
1776516963.770514493,3,0x000313d4,0x00000000,0x00000000
1776516963.770514493,4,0x000343e7,0x00000000,0x00000000
1776516963.770514493,5,0x00034101,0x00000000,0x00000000
1776516963.770514493,6,0x00033dd4,0x00000000,0x00000000
1776516963.770514493,7,0x000352d0,0x00000000,0x00000000
1776516963.770514493,8,0x00027bdc,0x00000000,0x00000000
1776516963.770514493,9,0x00040d78,0x00000000,0x00000000
1776516963.770514493,10,0x00038f68,0x00000000,0x00000000
1776516963.770514493,11,0x0013da5b,0x00000000,0x00000000
1776516963.770514493,12,0x00035ceb,0x00000000,0x00000000
1776516963.770514493,13,0x000383a7,0x00000000,0x00000000
1776516963.770514493,14,0x0002c89d,0x00000000,0x00000000
1776516963.770514493,15,0x000412ce,0x00000000,0x00000000
1776516963.770514493,16,0x000006b4,0x00000000,0x00000000
1776516963.770514493,17,0x00000534,0x00000000,0x00000000
1776516963.770514493,18,0x0000050a,0x00000000,0x00000000
1776516963.770514493,19,0x000003dc,0x00000000,0x00000000
1776516964.834949715,0,0x0003e0e6,0x00000000,0x00000000
1776516964.834949715,1,0x0002548a,0x00000000,0x00000000
1776516964.834949715,2,0x00037e8e,0x00000000,0x00000000
1776516964.834949715,3,0x000313d7,0x00000000,0x00000000
1776516964.834949715,4,0x00034405,0x00000000,0x00000000
1776516964.834949715,5,0x0003410b,0x00000000,0x00000000
1776516964.834949715,6,0x00033dde,0x00000000,0x00000000
1776516964.834949715,7,0x000352d0,0x00000000,0x00000000
1776516964.834949715,8,0x00027bf2,0x00000000,0x00000000
1776516964.834949715,9,0x00040d78,0x00000000,0x00000000
1776516964.834949715,10,0x00038f76,0x00000000,0x00000000
1776516964.834949715,11,0x0013da9d,0x00000000,0x00000000
1776516964.834949715,12,0x00035cfc,0x00000000,0x00000000
1776516964.834949715,13,0x000383ab,0x00000000,0x00000000
1776516964.834949715,14,0x0002c8a6,0x00000000,0x00000000
1776516964.834949715,15,0x000412ce,0x00000000,0x00000000
1776516964.834949715,16,0x000006c2,0x00000000,0x00000000
1776516964.834949715,17,0x00000541,0x00000000,0x00000000
1776516964.834949715,18,0x0000051e,0x00000000,0x00000000
1776516964.834949715,19,0x000003e8,0x00000000,0x00000000
1776516965.897264301,0,0x0003e0ff,0x00000000,0x00000000
1776516965.897264301,1,0x00025495,0x00000000,0x00000000
1776516965.897264301,2,0x00037ea1,0x00000000,0x00000000
1776516965.897264301,3,0x000313e6,0x00000000,0x00000000
1776516965.897264301,4,0x00034411,0x00000000,0x00000000
1776516965.897264301,5,0x00034114,0x00000000,0x00000000
1776516965.897264301,6,0x00033df1,0x00000000,0x00000000
1776516965.897264301,7,0x000352d0,0x00000000,0x00000000
1776516965.897264301,8,0x00027c14,0x00000000,0x00000000
1776516965.897264301,9,0x00040d78,0x00000000,0x00000000
1776516965.897264301,10,0x00038f88,0x00000000,0x00000000
1776516965.897264301,11,0x0013dae3,0x00000000,0x00000000
1776516965.897264301,12,0x00035d06,0x00000000,0x00000000
1776516965.897264301,13,0x000383ad,0x00000000,0x00000000
1776516965.897264301,14,0x0002c8cb,0x00000000,0x00000000
1776516965.897264301,15,0x000412ce,0x00000000,0x00000000
1776516965.897264301,16,0x000006c9,0x00000000,0x00000000
1776516965.897264301,17,0x00000548,0x00000000,0x00000000
1776516965.897264301,18,0x00000524,0x00000000,0x00000000
1776516965.897264301,19,0x000003f6,0x00000000,0x00000000
1776516966.960739931,0,0x0003e11f,0x00000000,0x00000000
1776516966.960739931,1,0x000254a0,0x00000000,0x00000000
1776516966.960739931,2,0x00037eb0,0x00000000,0x00000000
1776516966.960739931,3,0x000313ef,0x00000000,0x00000000
1776516966.960739931,4,0x00034421,0x00000000,0x00000000
1776516966.960739931,5,0x00034116,0x00000000,0x00000000
1776516966.960739931,6,0x00033dff,0x00000000,0x00000000
1776516966.960739931,7,0x000352d0,0x00000000,0x00000000
1776516966.960739931,8,0x00027c33,0x00000000,0x00000000
1776516966.960739931,9,0x00040d78,0x00000000,0x00000000
1776516966.960739931,10,0x00038f9f,0x00000000,0x00000000
1776516966.960739931,11,0x0013db3c,0x00000000,0x00000000
1776516966.960739931,12,0x00035d24,0x00000000,0x00000000
1776516966.960739931,13,0x000383b6,0x00000000,0x00000000
1776516966.960739931,14,0x0002c8d8,0x00000000,0x00000000
1776516966.960739931,15,0x000412ce,0x00000000,0x00000000
1776516966.960739931,16,0x000006ce,0x00000000,0x00000000
1776516966.960739931,17,0x00000548,0x00000000,0x00000000
1776516966.960739931,18,0x00000524,0x00000000,0x00000000
1776516966.960739931,19,0x000003f6,0x00000000,0x00000000
