timestamp,cpu,user,nice,system,idle,iowait,irq,softirq,steal
1776518017.445855191,cpu0,747106,857,6940,1042269,2470,0,1266,0
1776518017.445855191,cpu1,1100099,522,4412,698117,1615,0,621,0
1776518017.445855191,cpu2,894994,606,5010,907252,2210,0,323,0
1776518017.445855191,cpu3,960385,436,5299,842101,2030,0,439,0
1776518017.445855191,cpu4,937154,468,5278,865543,1907,0,410,0
1776518017.445855191,cpu5,914641,691,6169,886782,1959,0,525,0
1776518017.445855191,cpu6,937590,450,4534,865969,1899,0,195,0
1776518017.445855191,cpu7,917840,446,4868,885438,1941,0,278,0
1776518017.445855191,cpu8,1118702,529,13084,675981,1475,0,1509,0
1776518017.445855191,cpu9,723526,451,17431,1063685,2395,0,2211,0
1776518017.445855191,cpu10,879810,683,13157,912115,3005,0,1392,0
1776518017.445855191,cpu11,965866,624,13169,823419,2536,0,3524,0
1776518017.445855191,cpu12,940720,600,9837,855308,2828,0,1082,0
1776518017.445855191,cpu13,904005,367,7632,894894,2853,0,688,0
1776518017.445855191,cpu14,1075820,452,6051,725911,2060,0,666,0
1776518017.445855191,cpu15,782386,506,7130,1016773,2818,0,612,0
1776518017.445855191,cpu16,1775551,157,3693,32931,54,0,381,0
1776518017.445855191,cpu17,1777279,31,2133,33071,55,0,181,0
1776518017.445855191,cpu18,1775168,31,4087,32936,56,0,501,0
1776518017.445855191,cpu19,1776530,38,2973,32854,48,0,338,0
1776518018.459137352,cpu0,747207,857,6940,1042269,2470,0,1266,0
1776518018.459137352,cpu1,1100195,522,4415,698118,1615,0,621,0
1776518018.459137352,cpu2,895081,607,5022,907252,2210,0,323,0
1776518018.459137352,cpu3,960479,436,5305,842101,2030,0,439,0
1776518018.459137352,cpu4,937224,468,5309,865543,1907,0,410,0
1776518018.459137352,cpu5,914673,691,6237,886782,1959,0,525,0
1776518018.459137352,cpu6,937644,450,4580,865970,1899,0,195,0
1776518018.459137352,cpu7,917915,446,4892,885438,1941,0,279,0
1776518018.459137352,cpu8,1118801,529,13086,675981,1475,0,1509,0
1776518018.459137352,cpu9,723627,451,17431,1063685,2395,0,2211,0
1776518018.459137352,cpu10,879872,683,13195,912116,3005,0,1392,0
1776518018.459137352,cpu11,965967,624,13170,823419,2536,0,3524,0
1776518018.459137352,cpu12,940819,600,9838,855308,2828,0,1082,0
1776518018.459137352,cpu13,904106,367,7632,894894,2853,0,688,0
1776518018.459137352,cpu14,1075921,452,6052,725912,2060,0,666,0
1776518018.459137352,cpu15,782487,506,7130,1016773,2818,0,612,0
1776518018.459137352,cpu16,1775644,157,3701,32932,54,0,381,0
1776518018.459137352,cpu17,1777380,31,2133,33071,55,0,181,0
1776518018.459137352,cpu18,1775269,31,4088,32936,56,0,501,0
1776518018.459137352,cpu19,1776630,38,2973,32855,48,0,338,0
1776518019.464031295,cpu0,747307,857,6941,1042269,2470,0,1266,0
1776518019.464031295,cpu1,1100295,522,4416,698118,1615,0,621,0
1776518019.464031295,cpu2,895180,607,5023,907253,2210,0,323,0
1776518019.464031295,cpu3,960565,437,5317,842105,2030,0,439,0
1776518019.464031295,cpu4,937239,468,5388,865549,1907,0,411,0
1776518019.464031295,cpu5,914735,691,6272,886785,1959,0,525,0
1776518019.464031295,cpu6,937744,450,4581,865970,1899,0,195,0
1776518019.464031295,cpu7,918016,446,4893,885438,1941,0,279,0
1776518019.464031295,cpu8,1118898,529,13087,675983,1475,0,1509,0
1776518019.464031295,cpu9,723721,451,17432,1063690,2395,0,2211,0
1776518019.464031295,cpu10,879963,684,13204,912117,3005,0,1392,0
1776518019.464031295,cpu11,966065,624,13171,823419,2536,0,3525,0
1776518019.464031295,cpu12,940919,600,9839,855308,2828,0,1082,0
1776518019.464031295,cpu13,904206,367,7633,894894,2853,0,688,0
1776518019.464031295,cpu14,1076009,452,6053,725923,2060,0,666,0
1776518019.464031295,cpu15,782569,506,7137,1016785,2818,0,612,0
1776518019.464031295,cpu16,1775711,157,3735,32932,54,0,381,0
1776518019.464031295,cpu17,1777480,31,2133,33071,55,0,181,0
1776518019.464031295,cpu18,1775360,31,4097,32936,56,0,501,0
1776518019.464031295,cpu19,1776730,38,2974,32855,48,0,338,0
1776518020.468922014,cpu0,747376,857,6971,1042270,2470,0,1267,0
1776518020.468922014,cpu1,1100395,522,4416,698118,1615,0,621,0
1776518020.468922014,cpu2,895253,608,5038,907262,2211,0,324,0
1776518020.468922014,cpu3,960662,437,5319,842106,2030,0,439,0
1776518020.468922014,cpu4,937339,468,5388,865549,1907,0,411,0
1776518020.468922014,cpu5,914835,691,6273,886785,1959,0,525,0
1776518020.468922014,cpu6,937762,450,4651,865970,1899,0,207,0
1776518020.468922014,cpu7,918116,446,4893,885438,1941,0,279,0
1776518020.468922014,cpu8,1118998,529,13087,675983,1475,0,1509,0
1776518020.468922014,cpu9,723821,451,17432,1063690,2395,0,2211,0
1776518020.468922014,cpu10,880056,684,13211,912117,3005,0,1392,0
1776518020.468922014,cpu11,966161,624,13173,823422,2536,0,3525,0
1776518020.468922014,cpu12,941019,600,9839,855308,2828,0,1082,0
1776518020.468922014,cpu13,904306,367,7633,894894,2853,0,688,0
1776518020.468922014,cpu14,1076109,452,6053,725923,2060,0,666,0
1776518020.468922014,cpu15,782654,507,7147,1016789,2818,0,612,0
1776518020.468922014,cpu16,1775805,157,3741,32932,54,0,381,0
1776518020.468922014,cpu17,1777580,31,2134,33071,55,0,181,0
1776518020.468922014,cpu18,1775417,31,4140,32936,56,0,501,0
1776518020.468922014,cpu19,1776829,38,2976,32855,48,0,338,0
1776518021.482467354,cpu0,747477,857,6971,1042270,2470,0,1267,0
1776518021.482467354,cpu1,1100497,522,4416,698118,1615,0,621,0
1776518021.482467354,cpu2,895278,608,5103,907263,2211,0,334,0
1776518021.482467354,cpu3,960746,437,5331,842106,2030,0,445,0
1776518021.482467354,cpu4,937438,468,5389,865550,1907,0,411,0
1776518021.482467354,cpu5,914934,691,6275,886785,1959,0,525,0
1776518021.482467354,cpu6,937820,451,4677,865975,1900,0,217,0
1776518021.482467354,cpu7,918217,446,4893,885438,1941,0,279,0
1776518021.482467354,cpu8,1119098,529,13088,675984,1475,0,1509,0
1776518021.482467354,cpu9,723922,451,17433,1063690,2395,0,2211,0
1776518021.482467354,cpu10,880158,684,13211,912117,3005,0,1392,0
1776518021.482467354,cpu11,966257,624,13174,823425,2536,0,3525,0
1776518021.482467354,cpu12,941094,600,9858,855309,2828,0,1088,0
1776518021.482467354,cpu13,904408,367,7633,894894,2853,0,688,0
1776518021.482467354,cpu14,1076190,453,6065,725929,2061,0,667,0
1776518021.482467354,cpu15,782756,507,7147,1016789,2818,0,612,0
1776518021.482467354,cpu16,1775904,157,3744,32932,54,0,381,0
1776518021.482467354,cpu17,1777680,31,2136,33071,55,0,181,0
1776518021.482467354,cpu18,1775518,31,4141,32936,56,0,501,0
1776518021.482467354,cpu19,1776930,38,2976,32855,48,0,338,0
1776518022.495595501,cpu0,747578,857,6971,1042270,2470,0,1267,0
1776518022.495595501,cpu1,1100598,522,4416,698118,1615,0,621,0
1776518022.495595501,cpu2,895379,608,5103,907263,2211,0,334,0
1776518022.495595501,cpu3,960848,437,5331,842106,2030,0,445,0
1776518022.495595501,cpu4,937540,468,5389,865550,1907,0,411,0
1776518022.495595501,cpu5,915035,691,6275,886785,1959,0,525,0
1776518022.495595501,cpu6,937921,451,4677,865975,1900,0,217,0
1776518022.495595501,cpu7,918317,446,4894,885438,1941,0,279,0
1776518022.495595501,cpu8,1119198,529,13089,675984,1475,0,1509,0
1776518022.495595501,cpu9,724022,451,17433,1063690,2395,0,2211,0
1776518022.495595501,cpu10,880258,684,13211,912117,3005,0,1392,0
1776518022.495595501,cpu11,966358,624,13175,823425,2536,0,3525,0
1776518022.495595501,cpu12,941098,600,9924,855318,2829,0,1109,0
1776518022.495595501,cpu13,904509,367,7633,894894,2853,0,688,0
1776518022.495595501,cpu14,1076193,453,6146,725929,2061,0,684,0
1776518022.495595501,cpu15,782857,507,7147,1016789,2818,0,612,0
1776518022.495595501,cpu16,1776005,157,3744,32932,54,0,381,0
1776518022.495595501,cpu17,1777781,31,2136,33071,55,0,181,0
1776518022.495595501,cpu18,1775619,31,4141,32936,56,0,501,0
1776518022.495595501,cpu19,1777030,38,2977,32855,48,0,338,0
1776518023.506601029,cpu0,747678,857,6972,1042270,2470,0,1267,0
1776518023.506601029,cpu1,1100699,522,4416,698118,1615,0,621,0
1776518023.506601029,cpu2,895480,608,5104,907263,2211,0,334,0
1776518023.506601029,cpu3,960949,437,5331,842106,2030,0,445,0
1776518023.506601029,cpu4,937640,468,5390,865550,1907,0,411,0
1776518023.506601029,cpu5,915136,691,6275,886785,1959,0,525,0
1776518023.506601029,cpu6,938022,451,4678,865975,1900,0,217,0
1776518023.506601029,cpu7,918418,446,4894,885438,1941,0,279,0
1776518023.506601029,cpu8,1119283,529,13098,675988,1475,0,1512,0
1776518023.506601029,cpu9,724122,451,17435,1063690,2395,0,2211,0
1776518023.506601029,cpu10,880359,684,13212,912117,3005,0,1392,0
1776518023.506601029,cpu11,966458,624,13175,823425,2536,0,3526,0
1776518023.506601029,cpu12,941118,600,9994,855318,2829,0,1120,0
1776518023.506601029,cpu13,904608,367,7634,894894,2853,0,689,0
1776518023.506601029,cpu14,1076201,453,6210,725932,2061,0,709,0
1776518023.506601029,cpu15,782958,507,7147,1016789,2818,0,612,0
1776518023.506601029,cpu16,1776104,157,3745,32932,54,0,381,0
1776518023.506601029,cpu17,1777880,31,2138,33071,55,0,181,0
1776518023.506601029,cpu18,1775720,31,4141,32936,56,0,501,0
1776518023.506601029,cpu19,1777129,38,2979,32855,48,0,338,0
1776518024.519296633,cpu0,747779,857,6972,1042270,2470,0,1267,0
1776518024.519296633,cpu1,1100800,522,4416,698118,1615,0,621,0
1776518024.519296633,cpu2,895581,608,5104,907263,2211,0,334,0
1776518024.519296633,cpu3,961049,437,5331,842106,2030,0,445,0
1776518024.519296633,cpu4,937741,468,5390,865550,1907,0,411,0
1776518024.519296633,cpu5,915237,691,6275,886785,1959,0,525,0
1776518024.519296633,cpu6,938123,451,4678,865975,1900,0,217,0
1776518024.519296633,cpu7,918519,446,4894,885438,1941,0,279,0
1776518024.519296633,cpu8,1119285,529,13170,675988,1475,0,1539,0
1776518024.519296633,cpu9,724223,451,17435,1063690,2395,0,2211,0
1776518024.519296633,cpu10,880460,684,13212,912117,3005,0,1392,0
1776518024.519296633,cpu11,966559,624,13176,823425,2536,0,3526,0
1776518024.519296633,cpu12,941219,600,9994,855318,2829,0,1121,0
1776518024.519296633,cpu13,904709,367,7635,894894,2853,0,689,0
1776518024.519296633,cpu14,1076302,453,6211,725932,2061,0,709,0
1776518024.519296633,cpu15,782959,507,7235,1016789,2818,0,624,0
1776518024.519296633,cpu16,1776205,157,3746,32932,54,0,381,0
1776518024.519296633,cpu17,1777981,31,2138,33071,55,0,181,0
1776518024.519296633,cpu18,1775822,31,4141,32936,56,0,501,0
1776518024.519296633,cpu19,1777230,38,2979,32855,48,0,338,0
1776518025.528472062,cpu0,747880,857,6972,1042270,2470,0,1267,0
1776518025.528472062,cpu1,1100901,522,4416,698118,1615,0,621,0
1776518025.528472062,cpu2,895681,608,5104,907263,2211,0,334,0
1776518025.528472062,cpu3,961150,437,5331,842106,2030,0,445,0
1776518025.528472062,cpu4,937842,468,5390,865550,1907,0,411,0
1776518025.528472062,cpu5,915338,691,6275,886785,1959,0,525,0
1776518025.528472062,cpu6,938223,451,4678,865975,1900,0,217,0
1776518025.528472062,cpu7,918620,446,4895,885438,1941,0,279,0
1776518025.528472062,cpu8,1119380,529,13175,675988,1475,0,1540,0
1776518025.528472062,cpu9,724229,451,17519,1063690,2395,0,2221,0
1776518025.528472062,cpu10,880560,684,13212,912117,3005,0,1392,0
1776518025.528472062,cpu11,966658,624,13177,823425,2536,0,3526,0
1776518025.528472062,cpu12,941319,600,9994,855318,2829,0,1121,0
1776518025.528472062,cpu13,904809,367,7636,894894,2853,0,689,0
1776518025.528472062,cpu14,1076402,453,6211,725932,2061,0,709,0
1776518025.528472062,cpu15,782964,508,7300,1016791,2819,0,649,0
1776518025.528472062,cpu16,1776305,157,3746,32932,54,0,381,0
1776518025.528472062,cpu17,1778082,31,2138,33071,55,0,181,0
1776518025.528472062,cpu18,1775922,31,4141,32936,56,0,501,0
1776518025.528472062,cpu19,1777331,38,2979,32855,48,0,338,0
1776518026.534442048,cpu0,747981,857,6973,1042270,2470,0,1267,0
1776518026.534442048,cpu1,1101002,522,4417,698118,1615,0,621,0
1776518026.534442048,cpu2,895782,608,5104,907263,2211,0,334,0
1776518026.534442048,cpu3,961251,437,5331,842106,2030,0,445,0
1776518026.534442048,cpu4,937942,468,5391,865550,1907,0,411,0
1776518026.534442048,cpu5,915439,691,6275,886785,1959,0,525,0
1776518026.534442048,cpu6,938324,451,4679,865975,1900,0,217,0
1776518026.534442048,cpu7,918720,446,4895,885438,1941,0,279,0
1776518026.534442048,cpu8,1119480,529,13175,675988,1475,0,1540,0
1776518026.534442048,cpu9,724232,451,17589,1063691,2395,0,2249,0
1776518026.534442048,cpu10,880661,684,13213,912117,3005,0,1392,0
1776518026.534442048,cpu11,966758,624,13177,823425,2536,0,3527,0
1776518026.534442048,cpu12,941420,600,9995,855318,2829,0,1121,0
1776518026.534442048,cpu13,904909,367,7636,894894,2853,0,689,0
1776518026.534442048,cpu14,1076440,454,6260,725936,2062,0,717,0
1776518026.534442048,cpu15,783029,508,7331,1016792,2819,0,654,0
1776518026.534442048,cpu16,1776406,157,3746,32932,54,0,381,0
1776518026.534442048,cpu17,1778183,31,2138,33071,55,0,181,0
1776518026.534442048,cpu18,1776023,31,4141,32936,56,0,501,0
1776518026.534442048,cpu19,1777432,38,2979,32855,48,0,338,0
1776518027.541151847,cpu0,748081,857,6973,1042270,2470,0,1267,0
1776518027.541151847,cpu1,1101102,522,4417,698118,1615,0,621,0
1776518027.541151847,cpu2,895883,608,5104,907263,2211,0,334,0
1776518027.541151847,cpu3,961352,437,5331,842106,2030,0,445,0
1776518027.541151847,cpu4,938042,468,5391,865550,1907,0,411,0
1776518027.541151847,cpu5,915540,691,6275,886785,1959,0,525,0
1776518027.541151847,cpu6,938424,451,4679,865975,1900,0,217,0
1776518027.541151847,cpu7,918820,446,4895,885438,1941,0,279,0
1776518027.541151847,cpu8,1119548,529,13195,675993,1475,0,1548,0
1776518027.541151847,cpu9,724280,451,17623,1063695,2395,0,2263,0
1776518027.541151847,cpu10,880759,684,13213,912119,3005,0,1392,0
1776518027.541151847,cpu11,966852,624,13181,823427,2536,0,3527,0
1776518027.541151847,cpu12,941519,600,9996,855318,2829,0,1121,0
1776518027.541151847,cpu13,905010,367,7636,894894,2853,0,689,0
1776518027.541151847,cpu14,1076442,454,6345,725937,2062,0,730,0
1776518027.541151847,cpu15,783129,508,7332,1016792,2819,0,654,0
1776518027.541151847,cpu16,1776506,157,3747,32932,54,0,381,0
1776518027.541151847,cpu17,1778282,31,2139,33071,55,0,181,0
1776518027.541151847,cpu18,1776123,31,4142,32936,56,0,501,0
1776518027.541151847,cpu19,1777532,38,2979,32855,48,0,338,0
1776518028.552694502,cpu0,748182,857,6973,1042270,2470,0,1267,0
1776518028.552694502,cpu1,1101203,522,4417,698118,1615,0,621,0
1776518028.552694502,cpu2,895984,608,5104,907263,2211,0,334,0
1776518028.552694502,cpu3,961453,437,5331,842106,2030,0,445,0
1776518028.552694502,cpu4,938143,468,5391,865550,1907,0,411,0
1776518028.552694502,cpu5,915641,691,6275,886785,1959,0,525,0
1776518028.552694502,cpu6,938525,451,4679,865975,1900,0,217,0
1776518028.552694502,cpu7,918921,446,4896,885438,1941,0,279,0
1776518028.552694502,cpu8,1119648,529,13196,675993,1475,0,1548,0
1776518028.552694502,cpu9,724381,451,17623,1063695,2395,0,2263,0
1776518028.552694502,cpu10,880857,684,13215,912120,3005,0,1392,0
1776518028.552694502,cpu11,966952,624,13182,823427,2536,0,3527,0
1776518028.552694502,cpu12,941619,600,9997,855318,2829,0,1121,0
1776518028.552694502,cpu13,905111,367,7636,894894,2853,0,689,0
1776518028.552694502,cpu14,1076444,455,6428,725937,2062,0,745,0
1776518028.552694502,cpu15,783140,508,7395,1016792,2819,0,680,0
1776518028.552694502,cpu16,1776607,157,3747,32932,54,0,381,0
1776518028.552694502,cpu17,1778383,31,2139,33071,55,0,181,0
1776518028.552694502,cpu18,1776223,31,4142,32936,56,0,501,0
1776518028.552694502,cpu19,1777633,38,2979,32855,48,0,338,0
1776518029.559559924,cpu0,748283,857,6973,1042270,2470,0,1267,0
1776518029.559559924,cpu1,1101304,522,4417,698118,1615,0,621,0
1776518029.559559924,cpu2,896084,608,5104,907263,2211,0,334,0
1776518029.559559924,cpu3,961554,437,5331,842106,2030,0,445,0
1776518029.559559924,cpu4,938244,468,5391,865550,1907,0,411,0
1776518029.559559924,cpu5,915741,691,6275,886785,1959,0,525,0
1776518029.559559924,cpu6,938625,451,4680,865975,1900,0,217,0
1776518029.559559924,cpu7,919021,446,4896,885438,1941,0,279,0
1776518029.559559924,cpu8,1119749,529,13196,675993,1475,0,1548,0
1776518029.559559924,cpu9,724482,451,17623,1063695,2395,0,2263,0
1776518029.559559924,cpu10,880957,684,13215,912120,3005,0,1392,0
1776518029.559559924,cpu11,967050,624,13183,823427,2536,0,3528,0
1776518029.559559924,cpu12,941719,600,9997,855318,2829,0,1121,0
1776518029.559559924,cpu13,905211,367,7637,894894,2853,0,689,0
1776518029.559559924,cpu14,1076446,455,6517,725937,2062,0,755,0
1776518029.559559924,cpu15,783145,509,7458,1016792,2820,0,711,0
1776518029.559559924,cpu16,1776707,157,3748,32932,54,0,381,0
1776518029.559559924,cpu17,1778483,31,2139,33071,55,0,181,0
1776518029.559559924,cpu18,1776324,31,4142,32936,56,0,501,0
1776518029.559559924,cpu19,1777733,38,2980,32855,48,0,338,0
1776518030.564796963,cpu0,748364,857,6973,1042288,2470,0,1267,0
1776518030.564796963,cpu1,1101404,522,4417,698118,1615,0,621,0
1776518030.564796963,cpu2,896185,608,5104,907263,2211,0,334,0
1776518030.564796963,cpu3,961654,437,5331,842106,2030,0,445,0
1776518030.564796963,cpu4,938344,468,5391,865550,1907,0,411,0
1776518030.564796963,cpu5,915841,691,6275,886785,1959,0,525,0
1776518030.564796963,cpu6,938726,451,4680,865975,1900,0,217,0
1776518030.564796963,cpu7,919121,446,4897,885438,1941,0,279,0
1776518030.564796963,cpu8,1119841,529,13196,676001,1475,0,1548,0
1776518030.564796963,cpu9,724582,451,17623,1063695,2395,0,2263,0
1776518030.564796963,cpu10,881051,684,13215,912126,3005,0,1392,0
1776518030.564796963,cpu11,967143,624,13184,823434,2536,0,3528,0
1776518030.564796963,cpu12,941809,601,10000,855325,2829,0,1121,0
1776518030.564796963,cpu13,905294,369,7641,894905,2853,0,689,0
1776518030.564796963,cpu14,1076460,455,6603,725937,2062,0,755,0
1776518030.564796963,cpu15,783233,510,7460,1016800,2821,0,711,0
1776518030.564796963,cpu16,1776807,157,3749,32932,54,0,381,0
1776518030.564796963,cpu17,1778584,31,2140,33071,55,0,181,0
1776518030.564796963,cpu18,1776419,31,4148,32936,56,0,501,0
1776518030.564796963,cpu19,1777833,38,2980,32855,48,0,338,0
1776518031.568744031,cpu0,748430,857,6974,1042322,2470,0,1267,0
1776518031.568744031,cpu1,1101505,522,4417,698118,1615,0,621,0
1776518031.568744031,cpu2,896285,608,5104,907263,2211,0,334,0
1776518031.568744031,cpu3,961754,437,5331,842106,2030,0,445,0
1776518031.568744031,cpu4,938445,468,5391,865550,1907,0,411,0
1776518031.568744031,cpu5,915932,691,6276,886794,1959,0,525,0
1776518031.568744031,cpu6,938826,451,4680,865975,1900,0,217,0
1776518031.568744031,cpu7,919221,446,4897,885438,1941,0,279,0
1776518031.568744031,cpu8,1119903,531,13217,676013,1477,0,1548,0
1776518031.568744031,cpu9,724683,451,17623,1063695,2395,0,2263,0
1776518031.568744031,cpu10,881152,684,13216,912126,3005,0,1392,0
1776518031.568744031,cpu11,967235,624,13192,823434,2536,0,3528,0
1776518031.568744031,cpu12,941908,601,10000,855325,2829,0,1121,0
1776518031.568744031,cpu13,905394,369,7641,894905,2853,0,689,0
1776518031.568744031,cpu14,1076509,455,6652,725939,2063,0,755,0
1776518031.568744031,cpu15,783300,513,7471,1016819,2821,0,711,0
1776518031.568744031,cpu16,1776907,157,3749,32932,54,0,381,0
1776518031.568744031,cpu17,1778684,31,2140,33071,55,0,181,0
1776518031.568744031,cpu18,1776519,31,4148,32936,56,0,501,0
1776518031.568744031,cpu19,1777934,38,2980,32855,48,0,338,0
1776518032.572743802,cpu0,748530,857,6974,1042322,2470,0,1267,0
1776518032.572743802,cpu1,1101605,522,4417,698118,1615,0,621,0
1776518032.572743802,cpu2,896386,608,5104,907263,2211,0,334,0
1776518032.572743802,cpu3,961843,437,5331,842117,2030,0,445,0
1776518032.572743802,cpu4,938545,468,5391,865550,1907,0,411,0
1776518032.572743802,cpu5,916033,691,6276,886794,1959,0,525,0
1776518032.572743802,cpu6,938926,451,4680,865975,1900,0,217,0
1776518032.572743802,cpu7,919322,446,4897,885438,1941,0,279,0
1776518032.572743802,cpu8,1120003,531,13217,676013,1477,0,1548,0
1776518032.572743802,cpu9,724783,451,17623,1063695,2395,0,2263,0
1776518032.572743802,cpu10,881252,684,13216,912126,3005,0,1392,0
1776518032.572743802,cpu11,967258,624,13270,823434,2536,0,3528,0
1776518032.572743802,cpu12,942009,601,10001,855325,2829,0,1121,0
1776518032.572743802,cpu13,905495,369,7641,894905,2853,0,689,0
1776518032.572743802,cpu14,1076558,455,6662,725978,2064,0,755,0
1776518032.572743802,cpu15,783378,515,7474,1016834,2823,0,711,0
1776518032.572743802,cpu16,1777007,157,3749,32932,54,0,381,0
1776518032.572743802,cpu17,1778784,31,2140,33071,55,0,181,0
1776518032.572743802,cpu18,1776619,31,4148,32936,56,0,501,0
1776518032.572743802,cpu19,1778034,38,2980,32855,48,0,338,0
1776518033.576739385,cpu0,748630,857,6974,1042322,2470,0,1267,0
1776518033.576739385,cpu1,1101640,522,4479,698121,1615,0,621,0
1776518033.576739385,cpu2,896486,608,5104,907263,2211,0,334,0
1776518033.576739385,cpu3,961925,438,5333,842131,2031,0,445,0
1776518033.576739385,cpu4,938645,468,5391,865550,1907,0,411,0
1776518033.576739385,cpu5,916132,691,6277,886794,1959,0,525,0
1776518033.576739385,cpu6,939027,451,4680,865975,1900,0,217,0
1776518033.576739385,cpu7,919422,446,4897,885438,1941,0,279,0
1776518033.576739385,cpu8,1120104,531,13217,676013,1477,0,1548,0
1776518033.576739385,cpu9,724883,451,17623,1063695,2395,0,2263,0
1776518033.576739385,cpu10,881353,684,13216,912126,3005,0,1392,0
1776518033.576739385,cpu11,967337,624,13287,823437,2536,0,3529,0
1776518033.576739385,cpu12,942071,602,10006,855356,2830,0,1121,0
1776518033.576739385,cpu13,905595,369,7641,894905,2853,0,689,0
1776518033.576739385,cpu14,1076630,455,6663,726004,2064,0,755,0
1776518033.576739385,cpu15,783475,515,7474,1016837,2823,0,711,0
1776518033.576739385,cpu16,1777106,157,3750,32932,54,0,381,0
1776518033.576739385,cpu17,1778884,31,2140,33071,55,0,181,0
1776518033.576739385,cpu18,1776720,31,4148,32936,56,0,501,0
1776518033.576739385,cpu19,1778135,38,2980,32855,48,0,338,0
1776518034.583232349,cpu0,748729,857,6975,1042322,2471,0,1267,0
1776518034.583232349,cpu1,1101661,522,4559,698121,1615,0,621,0
1776518034.583232349,cpu2,896586,608,5104,907263,2211,0,334,0
1776518034.583232349,cpu3,962026,438,5333,842131,2031,0,445,0
1776518034.583232349,cpu4,938746,468,5391,865550,1907,0,411,0
1776518034.583232349,cpu5,916181,691,6285,886836,1959,0,525,0
1776518034.583232349,cpu6,939111,451,4680,865991,1900,0,217,0
1776518034.583232349,cpu7,919522,446,4897,885438,1941,0,279,0
1776518034.583232349,cpu8,1120204,531,13217,676013,1477,0,1548,0
1776518034.583232349,cpu9,724984,451,17623,1063695,2395,0,2263,0
1776518034.583232349,cpu10,881449,684,13219,912127,3005,0,1392,0
1776518034.583232349,cpu11,967438,624,13287,823437,2536,0,3529,0
1776518034.583232349,cpu12,942155,603,10008,855367,2831,0,1121,0
1776518034.583232349,cpu13,905696,369,7641,894905,2853,0,689,0
1776518034.583232349,cpu14,1076730,455,6663,726004,2064,0,755,0
1776518034.583232349,cpu15,783576,515,7474,1016837,2823,0,711,0
1776518034.583232349,cpu16,1777206,157,3751,32932,54,0,381,0
1776518034.583232349,cpu17,1778985,31,2140,33071,55,0,181,0
1776518034.583232349,cpu18,1776820,31,4148,32936,56,0,501,0
1776518034.583232349,cpu19,1778235,38,2980,32855,48,0,338,0
1776518035.591536887,cpu0,748746,859,7053,1042326,2472,0,1267,0
1776518035.591536887,cpu1,1101748,522,4564,698130,1615,0,621,0
1776518035.591536887,cpu2,896687,608,5104,907263,2211,0,334,0
1776518035.591536887,cpu3,962127,438,5333,842131,2031,0,445,0
1776518035.591536887,cpu4,938834,468,5391,865562,1907,0,411,0
1776518035.591536887,cpu5,916264,691,6288,886852,1959,0,525,0
1776518035.591536887,cpu6,939166,451,4681,866034,1901,0,217,0
1776518035.591536887,cpu7,919618,446,4897,885443,1941,0,279,0
1776518035.591536887,cpu8,1120305,531,13217,676013,1477,0,1548,0
1776518035.591536887,cpu9,725085,451,17623,1063695,2395,0,2263,0
1776518035.591536887,cpu10,881550,684,13219,912127,3005,0,1392,0
1776518035.591536887,cpu11,967538,624,13287,823437,2536,0,3529,0
1776518035.591536887,cpu12,942256,603,10008,855367,2831,0,1121,0
1776518035.591536887,cpu13,905796,369,7641,894905,2853,0,689,0
1776518035.591536887,cpu14,1076831,455,6663,726004,2064,0,755,0
1776518035.591536887,cpu15,783677,515,7474,1016837,2823,0,711,0
1776518035.591536887,cpu16,1777307,157,3751,32932,54,0,381,0
1776518035.591536887,cpu17,1779085,31,2140,33071,55,0,181,0
1776518035.591536887,cpu18,1776921,31,4148,32936,56,0,501,0
1776518035.591536887,cpu19,1778336,38,2980,32855,48,0,338,0
1776518036.594762316,cpu0,748766,859,7133,1042326,2472,0,1267,0
1776518036.594762316,cpu1,1101848,523,4564,698130,1615,0,621,0
1776518036.594762316,cpu2,896787,608,5104,907263,2211,0,334,0
1776518036.594762316,cpu3,962227,438,5333,842131,2031,0,445,0
1776518036.594762316,cpu4,938932,468,5394,865562,1907,0,411,0
1776518036.594762316,cpu5,916325,691,6290,886888,1960,0,525,0
1776518036.594762316,cpu6,939266,451,4681,866034,1901,0,217,0
1776518036.594762316,cpu7,919719,446,4897,885443,1941,0,279,0
1776518036.594762316,cpu8,1120404,531,13219,676013,1477,0,1548,0
1776518036.594762316,cpu9,725185,451,17623,1063695,2395,0,2263,0
1776518036.594762316,cpu10,881621,684,13222,912152,3006,0,1392,0
1776518036.594762316,cpu11,967618,624,13289,823456,2536,0,3529,0
1776518036.594762316,cpu12,942357,603,10008,855367,2831,0,1121,0
1776518036.594762316,cpu13,905897,369,7641,894905,2853,0,689,0
1776518036.594762316,cpu14,1076931,455,6663,726004,2064,0,755,0
1776518036.594762316,cpu15,783777,515,7474,1016837,2823,0,711,0
1776518036.594762316,cpu16,1777407,157,3751,32932,54,0,381,0
1776518036.594762316,cpu17,1779186,31,2140,33071,55,0,181,0
1776518036.594762316,cpu18,1777022,31,4148,32936,56,0,501,0
1776518036.594762316,cpu19,1778436,38,2980,32855,48,0,338,0
1776518037.599801562,cpu0,748789,859,7207,1042330,2472,0,1267,0
1776518037.599801562,cpu1,1101949,523,4564,698130,1615,0,621,0
1776518037.599801562,cpu2,896888,608,5105,907263,2211,0,334,0
1776518037.599801562,cpu3,962328,438,5333,842131,2031,0,445,0
1776518037.599801562,cpu4,939022,471,5397,865565,1908,0,411,0
1776518037.599801562,cpu5,916413,693,6293,886895,1960,0,525,0
1776518037.599801562,cpu6,939367,451,4681,866034,1901,0,217,0
1776518037.599801562,cpu7,919819,446,4897,885443,1941,0,279,0
1776518037.599801562,cpu8,1120504,531,13219,676013,1477,0,1548,0
1776518037.599801562,cpu9,725286,451,17623,1063695,2395,0,2263,0
1776518037.599801562,cpu10,881691,684,13222,912181,3006,0,1392,0
1776518037.599801562,cpu11,967696,624,13289,823478,2536,0,3529,0
1776518037.599801562,cpu12,942457,603,10008,855367,2831,0,1121,0
1776518037.599801562,cpu13,905997,369,7641,894905,2853,0,689,0
1776518037.599801562,cpu14,1077032,455,6663,726004,2064,0,755,0
1776518037.599801562,cpu15,783863,518,7478,1016844,2824,0,711,0
1776518037.599801562,cpu16,1777499,157,3760,32932,54,0,381,0
1776518037.599801562,cpu17,1779286,31,2140,33071,55,0,181,0
1776518037.599801562,cpu18,1777122,31,4149,32936,56,0,501,0
1776518037.599801562,cpu19,1778537,38,2980,32855,48,0,338,0
1776518038.603762633,cpu0,748889,859,7207,1042330,2472,0,1267,0
1776518038.603762633,cpu1,1102049,523,4564,698130,1615,0,621,0
1776518038.603762633,cpu2,896988,608,5105,907263,2211,0,334,0
1776518038.603762633,cpu3,962428,438,5333,842131,2031,0,445,0
1776518038.603762633,cpu4,939106,471,5398,865580,1908,0,411,0
1776518038.603762633,cpu5,916513,693,6293,886895,1960,0,525,0
1776518038.603762633,cpu6,939467,451,4682,866034,1901,0,217,0
1776518038.603762633,cpu7,919919,446,4897,885443,1941,0,279,0
1776518038.603762633,cpu8,1120604,531,13219,676013,1477,0,1548,0
1776518038.603762633,cpu9,725386,451,17623,1063695,2395,0,2263,0
1776518038.603762633,cpu10,881738,688,13231,912218,3008,0,1393,0
1776518038.603762633,cpu11,967780,628,13294,823484,2537,0,3529,0
1776518038.603762633,cpu12,942557,603,10008,855367,2831,0,1121,0
1776518038.603762633,cpu13,906097,369,7641,894905,2853,0,689,0
1776518038.603762633,cpu14,1077132,455,6664,726004,2064,0,755,0
1776518038.603762633,cpu15,783964,518,7478,1016844,2824,0,711,0
1776518038.603762633,cpu16,1777525,157,3834,32932,54,0,381,0
1776518038.603762633,cpu17,1779387,31,2140,33071,55,0,181,0
1776518038.603762633,cpu18,1777222,31,4149,32936,56,0,501,0
1776518038.603762633,cpu19,1778637,38,2980,32855,48,0,338,0
1776518039.607877841,cpu0,748984,859,7207,1042335,2472,0,1267,0
1776518039.607877841,cpu1,1102149,523,4564,698130,1615,0,621,0
1776518039.607877841,cpu2,897088,608,5105,907263,2211,0,334,0
1776518039.607877841,cpu3,962528,438,5333,842131,2031,0,445,0
1776518039.607877841,cpu4,939205,471,5399,865580,1909,0,411,0
1776518039.607877841,cpu5,916592,695,6295,886912,1960,0,525,0
1776518039.607877841,cpu6,939567,451,4682,866034,1901,0,217,0
1776518039.607877841,cpu7,920016,446,4898,885446,1941,0,279,0
1776518039.607877841,cpu8,1120705,531,13219,676013,1477,0,1548,0
1776518039.607877841,cpu9,725486,451,17623,1063695,2395,0,2263,0
1776518039.607877841,cpu10,881807,688,13233,912246,3009,0,1393,0
1776518039.607877841,cpu11,967866,630,13299,823490,2538,0,3529,0
1776518039.607877841,cpu12,942657,603,10008,855367,2831,0,1121,0
1776518039.607877841,cpu13,906198,369,7641,894905,2853,0,689,0
1776518039.607877841,cpu14,1077231,455,6665,726004,2064,0,755,0
1776518039.607877841,cpu15,784041,518,7479,1016864,2825,0,711,0
1776518039.607877841,cpu16,1777557,157,3903,32932,54,0,381,0
1776518039.607877841,cpu17,1779487,31,2140,33071,55,0,181,0
1776518039.607877841,cpu18,1777323,31,4149,32936,56,0,501,0
1776518039.607877841,cpu19,1778738,38,2980,32855,48,0,338,0
1776518040.613246237,cpu0,748991,859,7267,1042347,2473,0,1287,0
1776518040.613246237,cpu1,1102250,523,4564,698130,1615,0,621,0
1776518040.613246237,cpu2,897189,608,5105,907263,2211,0,334,0
1776518040.613246237,cpu3,962629,438,5333,842131,2031,0,445,0
1776518040.613246237,cpu4,939221,472,5471,865582,1910,0,419,0
1776518040.613246237,cpu5,916679,695,6307,886912,1960,0,527,0
1776518040.613246237,cpu6,939667,451,4682,866034,1901,0,217,0
1776518040.613246237,cpu7,920116,446,4899,885446,1941,0,279,0
1776518040.613246237,cpu8,1120805,531,13219,676013,1477,0,1548,0
1776518040.613246237,cpu9,725587,451,17623,1063695,2395,0,2263,0
1776518040.613246237,cpu10,881907,688,13234,912246,3009,0,1393,0
1776518040.613246237,cpu11,967965,630,13300,823490,2538,0,3530,0
1776518040.613246237,cpu12,942757,603,10009,855367,2831,0,1121,0
1776518040.613246237,cpu13,906298,369,7641,894905,2853,0,689,0
1776518040.613246237,cpu14,1077331,455,6665,726004,2064,0,755,0
1776518040.613246237,cpu15,784140,518,7481,1016864,2825,0,711,0
1776518040.613246237,cpu16,1777656,157,3904,32932,54,0,381,0
1776518040.613246237,cpu17,1779587,31,2141,33071,55,0,181,0
1776518040.613246237,cpu18,1777422,31,4149,32936,56,0,501,0
1776518040.613246237,cpu19,1778838,38,2980,32855,48,0,338,0
1776518041.619690473,cpu0,749088,859,7269,1042348,2473,0,1287,0
1776518041.619690473,cpu1,1102351,523,4564,698130,1615,0,621,0
1776518041.619690473,cpu2,897286,608,5106,907265,2211,0,334,0
1776518041.619690473,cpu3,962639,438,5395,842136,2031,0,467,0
1776518041.619690473,cpu4,939315,474,5474,865582,1910,0,419,0
1776518041.619690473,cpu5,916689,696,6380,886913,1961,0,540,0
1776518041.619690473,cpu6,939768,451,4682,866034,1901,0,217,0
1776518041.619690473,cpu7,920216,446,4899,885446,1941,0,279,0
1776518041.619690473,cpu8,1120905,531,13220,676013,1477,0,1548,0
1776518041.619690473,cpu9,725687,451,17623,1063695,2395,0,2263,0
1776518041.619690473,cpu10,882008,688,13234,912246,3009,0,1393,0
1776518041.619690473,cpu11,968065,630,13300,823490,2538,0,3530,0
1776518041.619690473,cpu12,942858,603,10009,855367,2831,0,1121,0
1776518041.619690473,cpu13,906399,369,7641,894905,2853,0,689,0
1776518041.619690473,cpu14,1077432,455,6665,726004,2064,0,755,0
1776518041.619690473,cpu15,784240,518,7482,1016864,2825,0,711,0
1776518041.619690473,cpu16,1777756,157,3904,32932,54,0,381,0
1776518041.619690473,cpu17,1779688,31,2141,33071,55,0,181,0
1776518041.619690473,cpu18,1777523,31,4150,32936,56,0,501,0
1776518041.619690473,cpu19,1778939,38,2980,32855,48,0,338,0
1776518042.628543846,cpu0,749188,859,7270,1042348,2473,0,1287,0
1776518042.628543846,cpu1,1102451,523,4564,698130,1615,0,621,0
1776518042.628543846,cpu2,897302,610,5176,907265,2211,0,348,0
1776518042.628543846,cpu3,962653,439,5465,842137,2031,0,482,0
1776518042.628543846,cpu4,939416,474,5474,865582,1910,0,419,0
1776518042.628543846,cpu5,916785,696,6381,886917,1961,0,540,0
1776518042.628543846,cpu6,939868,451,4683,866034,1901,0,217,0
1776518042.628543846,cpu7,920317,446,4900,885446,1941,0,279,0
1776518042.628543846,cpu8,1121006,531,13220,676013,1477,0,1548,0
1776518042.628543846,cpu9,725788,451,17623,1063695,2395,0,2263,0
1776518042.628543846,cpu10,882108,688,13234,912246,3009,0,1393,0
1776518042.628543846,cpu11,968164,630,13301,823490,2538,0,3531,0
1776518042.628543846,cpu12,942958,603,10009,855367,2831,0,1121,0
1776518042.628543846,cpu13,906500,369,7641,894905,2853,0,689,0
1776518042.628543846,cpu14,1077532,455,6665,726004,2064,0,755,0
1776518042.628543846,cpu15,784334,519,7485,1016867,2825,0,711,0
1776518042.628543846,cpu16,1777857,157,3904,32932,54,0,381,0
1776518042.628543846,cpu17,1779789,31,2141,33071,55,0,181,0
1776518042.628543846,cpu18,1777623,31,4150,32936,56,0,501,0
1776518042.628543846,cpu19,1779040,38,2980,32855,48,0,338,0
1776518043.635199179,cpu0,749289,859,7270,1042348,2473,0,1287,0
1776518043.635199179,cpu1,1102552,523,4564,698130,1615,0,621,0
1776518043.635199179,cpu2,897394,610,5184,907265,2211,0,349,0
1776518043.635199179,cpu3,962656,439,5550,842137,2031,0,495,0
1776518043.635199179,cpu4,939517,474,5474,865582,1910,0,419,0
1776518043.635199179,cpu5,916884,696,6383,886917,1961,0,540,0
1776518043.635199179,cpu6,939959,452,4687,866037,1902,0,217,0
1776518043.635199179,cpu7,920396,447,4902,885464,1941,0,279,0
1776518043.635199179,cpu8,1121049,531,13257,676019,1477,0,1563,0
1776518043.635199179,cpu9,725889,451,17623,1063695,2395,0,2263,0
1776518043.635199179,cpu10,882209,688,13234,912246,3009,0,1393,0
1776518043.635199179,cpu11,968265,630,13301,823490,2538,0,3531,0
1776518043.635199179,cpu12,943059,603,10010,855367,2831,0,1121,0
1776518043.635199179,cpu13,906601,369,7641,894905,2853,0,689,0
1776518043.635199179,cpu14,1077633,455,6665,726004,2064,0,755,0
1776518043.635199179,cpu15,784435,519,7485,1016867,2825,0,711,0
1776518043.635199179,cpu16,1777957,157,3905,32932,54,0,381,0
1776518043.635199179,cpu17,1779890,31,2141,33071,55,0,181,0
1776518043.635199179,cpu18,1777724,31,4150,32936,56,0,502,0
1776518043.635199179,cpu19,1779141,38,2980,32855,48,0,338,0
1776518044.645007695,cpu0,749389,859,7271,1042348,2473,0,1287,0
1776518044.645007695,cpu1,1102653,523,4564,698130,1615,0,621,0
1776518044.645007695,cpu2,897462,610,5207,907266,2211,0,357,0
1776518044.645007695,cpu3,962750,439,5555,842137,2031,0,497,0
1776518044.645007695,cpu4,939617,474,5475,865582,1910,0,419,0
1776518044.645007695,cpu5,916984,696,6383,886917,1961,0,540,0
1776518044.645007695,cpu6,940001,452,4725,866041,1902,0,233,0
1776518044.645007695,cpu7,920496,447,4902,885464,1941,0,279,0
1776518044.645007695,cpu8,1121051,532,13338,676023,1478,0,1575,0
1776518044.645007695,cpu9,725990,451,17623,1063695,2395,0,2263,0
1776518044.645007695,cpu10,882310,688,13235,912246,3009,0,1393,0
1776518044.645007695,cpu11,968365,630,13301,823490,2538,0,3532,0
1776518044.645007695,cpu12,943159,603,10010,855367,2831,0,1121,0
1776518044.645007695,cpu13,906701,369,7641,894905,2853,0,689,0
1776518044.645007695,cpu14,1077733,455,6666,726004,2064,0,755,0
1776518044.645007695,cpu15,784535,519,7485,1016867,2825,0,711,0
1776518044.645007695,cpu16,1778057,157,3906,32932,54,0,381,0
1776518044.645007695,cpu17,1779990,31,2141,33071,55,0,181,0
1776518044.645007695,cpu18,1777824,31,4150,32936,56,0,502,0
1776518044.645007695,cpu19,1779241,38,2980,32855,48,0,338,0
1776518045.651111822,cpu0,749489,859,7271,1042348,2473,0,1287,0
1776518045.651111822,cpu1,1102753,523,4564,698130,1615,0,621,0
1776518045.651111822,cpu2,897503,610,5256,907267,2211,0,367,0
1776518045.651111822,cpu3,962850,439,5555,842137,2031,0,497,0
1776518045.651111822,cpu4,939717,474,5475,865582,1910,0,419,0
1776518045.651111822,cpu5,917067,696,6391,886923,1961,0,544,0
1776518045.651111822,cpu6,940098,452,4727,866043,1902,0,233,0
1776518045.651111822,cpu7,920597,447,4902,885464,1941,0,279,0
1776518045.651111822,cpu8,1121096,533,13366,676039,1480,0,1583,0
1776518045.651111822,cpu9,726091,451,17623,1063695,2395,0,2263,0
1776518045.651111822,cpu10,882405,688,13238,912246,3009,0,1393,0
1776518045.651111822,cpu11,968424,630,13336,823490,2538,0,3538,0
1776518045.651111822,cpu12,943259,603,10010,855367,2831,0,1121,0
1776518045.651111822,cpu13,906802,369,7641,894905,2853,0,689,0
1776518045.651111822,cpu14,1077834,455,6666,726004,2064,0,755,0
1776518045.651111822,cpu15,784636,519,7486,1016867,2825,0,711,0
1776518045.651111822,cpu16,1778156,157,3907,32932,54,0,381,0
1776518045.651111822,cpu17,1780090,31,2141,33071,55,0,181,0
1776518045.651111822,cpu18,1777925,31,4150,32936,56,0,502,0
1776518045.651111822,cpu19,1779342,38,2980,32855,48,0,338,0
1776518046.661603107,cpu0,749589,859,7272,1042348,2473,0,1287,0
1776518046.661603107,cpu1,1102854,523,4565,698130,1615,0,621,0
1776518046.661603107,cpu2,897603,610,5256,907267,2211,0,367,0
1776518046.661603107,cpu3,962951,439,5556,842137,2031,0,497,0
1776518046.661603107,cpu4,939739,475,5527,865588,1910,0,440,0
1776518046.661603107,cpu5,917150,697,6393,886939,1962,0,544,0
1776518046.661603107,cpu6,940198,452,4727,866043,1902,0,233,0
1776518046.661603107,cpu7,920698,447,4903,885464,1941,0,279,0
1776518046.661603107,cpu8,1121196,533,13366,676039,1480,0,1583,0
1776518046.661603107,cpu9,726191,451,17623,1063695,2395,0,2263,0
1776518046.661603107,cpu10,882506,688,13238,912246,3009,0,1393,0
1776518046.661603107,cpu11,968425,630,13424,823491,2538,0,3550,0
1776518046.661603107,cpu12,943360,603,10010,855367,2831,0,1121,0
1776518046.661603107,cpu13,906903,369,7641,894905,2853,0,689,0
1776518046.661603107,cpu14,1077935,455,6666,726004,2064,0,755,0
1776518046.661603107,cpu15,784737,519,7486,1016867,2825,0,711,0
1776518046.661603107,cpu16,1778257,157,3908,32932,54,0,381,0
1776518046.661603107,cpu17,1780191,31,2142,33071,55,0,181,0
1776518046.661603107,cpu18,1778025,31,4151,32936,56,0,502,0
1776518046.661603107,cpu19,1779443,38,2981,32855,48,0,338,0
1776518047.668012469,cpu0,749690,859,7272,1042348,2473,0,1287,0
1776518047.668012469,cpu1,1102955,523,4565,698130,1615,0,621,0
1776518047.668012469,cpu2,897704,610,5256,907267,2211,0,367,0
1776518047.668012469,cpu3,963052,439,5556,842137,2031,0,497,0
1776518047.668012469,cpu4,939820,476,5536,865595,1911,0,441,0
1776518047.668012469,cpu5,917248,697,6394,886940,1962,0,544,0
1776518047.668012469,cpu6,940296,453,4729,866043,1902,0,233,0
1776518047.668012469,cpu7,920728,447,4945,885473,1942,0,297,0
1776518047.668012469,cpu8,1121297,533,13367,676039,1480,0,1583,0
1776518047.668012469,cpu9,726292,451,17623,1063695,2395,0,2263,0
1776518047.668012469,cpu10,882532,688,13306,912247,3009,0,1400,0
1776518047.668012469,cpu11,968501,630,13444,823491,2538,0,3554,0
1776518047.668012469,cpu12,943461,603,10011,855367,2831,0,1121,0
1776518047.668012469,cpu13,907003,369,7641,894905,2853,0,689,0
1776518047.668012469,cpu14,1078035,455,6666,726004,2064,0,755,0
1776518047.668012469,cpu15,784837,519,7486,1016867,2825,0,711,0
1776518047.668012469,cpu16,1778356,157,3909,32932,54,0,381,0
1776518047.668012469,cpu17,1780292,31,2142,33071,55,0,181,0
1776518047.668012469,cpu18,1778125,31,4151,32936,56,0,502,0
1776518047.668012469,cpu19,1779544,38,2981,32855,48,0,338,0
1776518048.676184905,cpu0,749791,859,7272,1042348,2473,0,1287,0
1776518048.676184905,cpu1,1103056,523,4565,698130,1615,0,621,0
1776518048.676184905,cpu2,897805,610,5256,907267,2211,0,367,0
1776518048.676184905,cpu3,963153,439,5556,842137,2031,0,497,0
1776518048.676184905,cpu4,939921,476,5536,865595,1911,0,441,0
1776518048.676184905,cpu5,917349,697,6394,886940,1962,0,544,0
1776518048.676184905,cpu6,940304,453,4810,866044,1902,0,245,0
1776518048.676184905,cpu7,920822,447,4951,885473,1942,0,297,0
1776518048.676184905,cpu8,1121397,533,13367,676039,1480,0,1583,0
1776518048.676184905,cpu9,726393,451,17623,1063695,2395,0,2263,0
1776518048.676184905,cpu10,882540,690,13359,912259,3010,0,1424,0
1776518048.676184905,cpu11,968597,630,13446,823491,2538,0,3556,0
1776518048.676184905,cpu12,943560,603,10011,855367,2831,0,1121,0
1776518048.676184905,cpu13,907104,369,7642,894905,2853,0,689,0
1776518048.676184905,cpu14,1078136,455,6667,726004,2064,0,755,0
1776518048.676184905,cpu15,784938,519,7486,1016867,2825,0,711,0
1776518048.676184905,cpu16,1778456,157,3910,32932,54,0,381,0
1776518048.676184905,cpu17,1780392,31,2142,33071,55,0,181,0
1776518048.676184905,cpu18,1778226,31,4151,32936,56,0,502,0
1776518048.676184905,cpu19,1779644,38,2981,32855,48,0,338,0
1776518049.682656634,cpu0,749881,860,7276,1042352,2473,0,1287,0
1776518049.682656634,cpu1,1103156,523,4565,698130,1615,0,621,0
1776518049.682656634,cpu2,897905,610,5257,907267,2211,0,367,0
1776518049.682656634,cpu3,963253,439,5556,842137,2031,0,497,0
1776518049.682656634,cpu4,940010,477,5542,865599,1912,0,441,0
1776518049.682656634,cpu5,917430,697,6407,886943,1962,0,547,0
1776518049.682656634,cpu6,940344,453,4856,866044,1902,0,259,0
1776518049.682656634,cpu7,920845,447,5017,885473,1942,0,308,0
1776518049.682656634,cpu8,1121497,533,13367,676039,1480,0,1583,0
1776518049.682656634,cpu9,726493,451,17623,1063695,2395,0,2263,0
1776518049.682656634,cpu10,882641,690,13359,912259,3010,0,1424,0
1776518049.682656634,cpu11,968692,631,13448,823494,2539,0,3557,0
1776518049.682656634,cpu12,943661,603,10012,855367,2831,0,1121,0
1776518049.682656634,cpu13,907204,369,7642,894905,2853,0,689,0
1776518049.682656634,cpu14,1078236,455,6667,726004,2064,0,755,0
1776518049.682656634,cpu15,785038,519,7487,1016867,2825,0,711,0
1776518049.682656634,cpu16,1778557,157,3910,32932,54,0,381,0
1776518049.682656634,cpu17,1780493,31,2142,33071,55,0,181,0
1776518049.682656634,cpu18,1778326,31,4152,32936,56,0,502,0
1776518049.682656634,cpu19,1779745,38,2981,32855,48,0,338,0
1776518050.691648669,cpu0,749982,860,7276,1042352,2473,0,1287,0
1776518050.691648669,cpu1,1103257,523,4565,698130,1615,0,621,0
1776518050.691648669,cpu2,898006,610,5257,907267,2211,0,367,0
1776518050.691648669,cpu3,963354,439,5556,842137,2031,0,497,0
1776518050.691648669,cpu4,940105,477,5542,865604,1912,0,441,0
1776518050.691648669,cpu5,917492,701,6429,886950,1962,0,553,0
1776518050.691648669,cpu6,940367,453,4915,866044,1902,0,278,0
1776518050.691648669,cpu7,920877,447,5077,885474,1942,0,316,0
1776518050.691648669,cpu8,1121598,533,13368,676039,1480,0,1583,0
1776518050.691648669,cpu9,726594,451,17623,1063695,2395,0,2263,0
1776518050.691648669,cpu10,882742,690,13359,912259,3010,0,1424,0
1776518050.691648669,cpu11,968792,631,13448,823494,2539,0,3557,0
1776518050.691648669,cpu12,943761,603,10012,855367,2831,0,1121,0
1776518050.691648669,cpu13,907304,369,7643,894905,2853,0,689,0
1776518050.691648669,cpu14,1078337,455,6667,726004,2064,0,755,0
1776518050.691648669,cpu15,785139,519,7487,1016867,2825,0,711,0
1776518050.691648669,cpu16,1778657,157,3910,32932,54,0,381,0
1776518050.691648669,cpu17,1780593,31,2143,33071,55,0,181,0
1776518050.691648669,cpu18,1778426,31,4153,32936,56,0,502,0
1776518050.691648669,cpu19,1779846,38,2981,32855,48,0,338,0
1776518051.702353530,cpu0,750083,860,7277,1042352,2473,0,1287,0
1776518051.702353530,cpu1,1103358,523,4565,698130,1615,0,621,0
1776518051.702353530,cpu2,898107,610,5257,907267,2211,0,367,0
1776518051.702353530,cpu3,963455,439,5556,842137,2031,0,497,0
1776518051.702353530,cpu4,940206,477,5543,865604,1912,0,441,0
1776518051.702353530,cpu5,917592,701,6430,886950,1962,0,553,0
1776518051.702353530,cpu6,940375,453,4985,866045,1902,0,299,0
1776518051.702353530,cpu7,920880,447,5161,885475,1942,0,329,0
1776518051.702353530,cpu8,1121699,533,13368,676039,1480,0,1583,0
1776518051.702353530,cpu9,726695,451,17624,1063695,2395,0,2263,0
1776518051.702353530,cpu10,882843,690,13359,912259,3010,0,1424,0
1776518051.702353530,cpu11,968891,631,13449,823494,2539,0,3557,0
1776518051.702353530,cpu12,943862,603,10012,855367,2831,0,1121,0
1776518051.702353530,cpu13,907405,369,7643,894905,2853,0,689,0
1776518051.702353530,cpu14,1078437,455,6668,726004,2064,0,755,0
1776518051.702353530,cpu15,785239,519,7487,1016867,2825,0,711,0
1776518051.702353530,cpu16,1778757,157,3911,32932,54,0,381,0
1776518051.702353530,cpu17,1780694,31,2144,33071,55,0,181,0
1776518051.702353530,cpu18,1778527,31,4153,32936,56,0,502,0
1776518051.702353530,cpu19,1779947,38,2981,32855,48,0,338,0
1776518052.710437840,cpu0,750183,860,7277,1042352,2473,0,1287,0
1776518052.710437840,cpu1,1103458,523,4566,698130,1615,0,621,0
1776518052.710437840,cpu2,898208,610,5257,907267,2211,0,367,0
1776518052.710437840,cpu3,963555,439,5556,842137,2031,0,497,0
1776518052.710437840,cpu4,940307,477,5543,865604,1912,0,441,0
1776518052.710437840,cpu5,917693,701,6430,886950,1962,0,553,0
1776518052.710437840,cpu6,940380,453,5055,866047,1902,0,322,0
1776518052.710437840,cpu7,920882,448,5246,885476,1942,0,341,0
1776518052.710437840,cpu8,1121800,533,13368,676039,1480,0,1583,0
1776518052.710437840,cpu9,726796,451,17624,1063695,2395,0,2263,0
1776518052.710437840,cpu10,882943,690,13359,912259,3010,0,1424,0
1776518052.710437840,cpu11,968992,631,13449,823494,2539,0,3557,0
1776518052.710437840,cpu12,943963,603,10013,855367,2831,0,1121,0
1776518052.710437840,cpu13,907505,369,7644,894905,2853,0,689,0
1776518052.710437840,cpu14,1078537,455,6668,726004,2064,0,755,0
1776518052.710437840,cpu15,785340,519,7487,1016867,2825,0,711,0
1776518052.710437840,cpu16,1778858,157,3911,32932,54,0,381,0
1776518052.710437840,cpu17,1780794,31,2144,33071,55,0,181,0
1776518052.710437840,cpu18,1778628,31,4153,32936,56,0,502,0
1776518052.710437840,cpu19,1780047,38,2981,32855,48,0,338,0
1776518053.718545259,cpu0,750284,860,7277,1042352,2473,0,1287,0
1776518053.718545259,cpu1,1103558,523,4567,698130,1615,0,621,0
1776518053.718545259,cpu2,898308,610,5257,907267,2211,0,367,0
1776518053.718545259,cpu3,963656,439,5556,842137,2031,0,497,0
1776518053.718545259,cpu4,940405,477,5545,865604,1912,0,441,0
1776518053.718545259,cpu5,917793,701,6430,886950,1962,0,553,0
1776518053.718545259,cpu6,940386,453,5134,866048,1902,0,336,0
1776518053.718545259,cpu7,920887,448,5319,885476,1942,0,363,0
1776518053.718545259,cpu8,1121899,533,13369,676039,1480,0,1583,0
1776518053.718545259,cpu9,726897,451,17624,1063695,2395,0,2263,0
1776518053.718545259,cpu10,883044,690,13359,912259,3010,0,1424,0
1776518053.718545259,cpu11,969092,631,13450,823494,2539,0,3558,0
1776518053.718545259,cpu12,944063,603,10013,855367,2831,0,1121,0
1776518053.718545259,cpu13,907605,369,7645,894905,2853,0,689,0
1776518053.718545259,cpu14,1078638,455,6669,726004,2064,0,755,0
1776518053.718545259,cpu15,785441,519,7487,1016867,2825,0,711,0
1776518053.718545259,cpu16,1778959,157,3911,32932,54,0,381,0
1776518053.718545259,cpu17,1780895,31,2144,33071,55,0,181,0
1776518053.718545259,cpu18,1778729,31,4153,32936,56,0,502,0
1776518053.718545259,cpu19,1780148,38,2981,32855,48,0,338,0
1776518054.728598983,cpu0,750385,860,7277,1042352,2473,0,1287,0
1776518054.728598983,cpu1,1103659,523,4567,698130,1615,0,621,0
1776518054.728598983,cpu2,898409,610,5257,907267,2211,0,367,0
1776518054.728598983,cpu3,963757,439,5557,842137,2031,0,497,0
1776518054.728598983,cpu4,940506,477,5545,865604,1912,0,441,0
1776518054.728598983,cpu5,917894,701,6430,886950,1962,0,553,0
1776518054.728598983,cpu6,940387,453,5222,866049,1902,0,347,0
1776518054.728598983,cpu7,920891,449,5388,885477,1942,0,389,0
1776518054.728598983,cpu8,1122000,533,13369,676039,1480,0,1583,0
1776518054.728598983,cpu9,726997,451,17624,1063695,2395,0,2263,0
1776518054.728598983,cpu10,883145,690,13359,912259,3010,0,1424,0
1776518054.728598983,cpu11,969192,631,13451,823494,2539,0,3558,0
1776518054.728598983,cpu12,944164,603,10013,855367,2831,0,1121,0
1776518054.728598983,cpu13,907705,369,7646,894905,2853,0,689,0
1776518054.728598983,cpu14,1078738,455,6669,726004,2064,0,755,0
1776518054.728598983,cpu15,785541,519,7488,1016867,2825,0,711,0
1776518054.728598983,cpu16,1779059,157,3912,32932,54,0,381,0
1776518054.728598983,cpu17,1780996,31,2144,33071,55,0,181,0
1776518054.728598983,cpu18,1778830,31,4153,32936,56,0,502,0
1776518054.728598983,cpu19,1780249,38,2981,32855,48,0,338,0
1776518055.736635386,cpu0,750486,860,7277,1042352,2473,0,1287,0
1776518055.736635386,cpu1,1103759,523,4567,698130,1615,0,621,0
1776518055.736635386,cpu2,898510,610,5258,907267,2211,0,367,0
1776518055.736635386,cpu3,963857,439,5557,842137,2031,0,497,0
1776518055.736635386,cpu4,940604,477,5548,865604,1912,0,441,0
1776518055.736635386,cpu5,917995,701,6431,886950,1962,0,553,0
1776518055.736635386,cpu6,940389,454,5311,866049,1902,0,356,0
1776518055.736635386,cpu7,920896,449,5452,885478,1942,0,420,0
1776518055.736635386,cpu8,1122101,533,13369,676039,1480,0,1583,0
1776518055.736635386,cpu9,727098,451,17624,1063695,2395,0,2263,0
1776518055.736635386,cpu10,883244,690,13361,912259,3010,0,1424,0
1776518055.736635386,cpu11,969292,631,13451,823494,2539,0,3558,0
1776518055.736635386,cpu12,944265,603,10013,855367,2831,0,1121,0
1776518055.736635386,cpu13,907805,369,7646,894905,2853,0,689,0
1776518055.736635386,cpu14,1078838,455,6670,726004,2064,0,755,0
1776518055.736635386,cpu15,785641,519,7489,1016867,2825,0,711,0
1776518055.736635386,cpu16,1779158,157,3913,32932,54,0,381,0
1776518055.736635386,cpu17,1781097,31,2144,33071,55,0,181,0
1776518055.736635386,cpu18,1778930,31,4153,32936,56,0,502,0
1776518055.736635386,cpu19,1780350,38,2981,32855,48,0,338,0
1776518056.747056719,cpu0,750587,860,7277,1042352,2473,0,1287,0
1776518056.747056719,cpu1,1103860,523,4567,698130,1615,0,621,0
1776518056.747056719,cpu2,898610,610,5258,907267,2211,0,367,0
1776518056.747056719,cpu3,963958,439,5557,842137,2031,0,497,0
1776518056.747056719,cpu4,940705,477,5548,865604,1912,0,441,0
1776518056.747056719,cpu5,918096,701,6431,886950,1962,0,553,0
1776518056.747056719,cpu6,940403,454,5384,866050,1902,0,369,0
1776518056.747056719,cpu7,920936,449,5498,885480,1942,0,431,0
1776518056.747056719,cpu8,1122202,533,13370,676039,1480,0,1583,0
1776518056.747056719,cpu9,727199,451,17624,1063695,2395,0,2263,0
1776518056.747056719,cpu10,883345,690,13361,912259,3010,0,1424,0
1776518056.747056719,cpu11,969393,631,13451,823494,2539,0,3559,0
1776518056.747056719,cpu12,944365,603,10014,855367,2831,0,1121,0
1776518056.747056719,cpu13,907906,369,7647,894905,2853,0,689,0
1776518056.747056719,cpu14,1078900,456,6687,726017,2065,0,763,0
1776518056.747056719,cpu15,785742,519,7489,1016867,2825,0,711,0
1776518056.747056719,cpu16,1779259,157,3914,32932,54,0,381,0
1776518056.747056719,cpu17,1781198,31,2144,33071,55,0,181,0
1776518056.747056719,cpu18,1779031,31,4154,32936,56,0,502,0
1776518056.747056719,cpu19,1780451,38,2981,32855,48,0,338,0
1776518057.754601441,cpu0,750687,860,7277,1042352,2473,0,1287,0
1776518057.754601441,cpu1,1103961,523,4567,698130,1615,0,621,0
1776518057.754601441,cpu2,898711,610,5258,907267,2211,0,367,0
1776518057.754601441,cpu3,964034,439,5573,842143,2032,0,498,0
1776518057.754601441,cpu4,940798,477,5554,865605,1912,0,441,0
1776518057.754601441,cpu5,918195,701,6432,886950,1962,0,553,0
1776518057.754601441,cpu6,940479,454,5402,866050,1902,0,375,0
1776518057.754601441,cpu7,920962,449,5564,885481,1942,0,439,0
1776518057.754601441,cpu8,1122302,533,13370,676039,1480,0,1583,0
1776518057.754601441,cpu9,727300,451,17624,1063695,2395,0,2263,0
1776518057.754601441,cpu10,883445,691,13361,912259,3010,0,1424,0
1776518057.754601441,cpu11,969493,631,13452,823494,2539,0,3559,0
1776518057.754601441,cpu12,944466,603,10014,855367,2831,0,1121,0
1776518057.754601441,cpu13,908007,369,7647,894905,2853,0,689,0
1776518057.754601441,cpu14,1078942,456,6726,726019,2065,0,779,0
1776518057.754601441,cpu15,785842,519,7489,1016867,2825,0,711,0
1776518057.754601441,cpu16,1779358,157,3915,32932,54,0,381,0
1776518057.754601441,cpu17,1781298,31,2144,33071,55,0,181,0
1776518057.754601441,cpu18,1779131,31,4154,32936,56,0,502,0
1776518057.754601441,cpu19,1780551,38,2981,32855,48,0,338,0
1776518058.761041151,cpu0,750787,860,7278,1042352,2473,0,1287,0
1776518058.761041151,cpu1,1104061,523,4567,698130,1615,0,621,0
1776518058.761041151,cpu2,898812,610,5258,907267,2211,0,367,0
1776518058.761041151,cpu3,964036,439,5649,842144,2032,0,519,0
1776518058.761041151,cpu4,940898,477,5555,865605,1912,0,441,0
1776518058.761041151,cpu5,918296,701,6432,886950,1962,0,553,0
1776518058.761041151,cpu6,940571,454,5406,866053,1902,0,377,0
1776518058.761041151,cpu7,920974,453,5623,885495,1945,0,447,0
1776518058.761041151,cpu8,1122402,533,13371,676039,1480,0,1583,0
1776518058.761041151,cpu9,727400,451,17625,1063695,2395,0,2263,0
1776518058.761041151,cpu10,883546,691,13362,912259,3010,0,1424,0
1776518058.761041151,cpu11,969593,631,13452,823494,2539,0,3559,0
1776518058.761041151,cpu12,944566,603,10014,855367,2831,0,1121,0
1776518058.761041151,cpu13,908107,369,7647,894905,2853,0,689,0
1776518058.761041151,cpu14,1079042,456,6727,726019,2065,0,779,0
1776518058.761041151,cpu15,785943,519,7489,1016867,2825,0,711,0
1776518058.761041151,cpu16,1779459,157,3915,32932,54,0,381,0
1776518058.761041151,cpu17,1781399,31,2144,33071,55,0,181,0
1776518058.761041151,cpu18,1779231,31,4154,32936,56,0,502,0
1776518058.761041151,cpu19,1780652,38,2981,32855,48,0,338,0
1776518059.768578879,cpu0,750799,861,7338,1042353,2473,0,1313,0
1776518059.768578879,cpu1,1104162,523,4567,698130,1615,0,621,0
1776518059.768578879,cpu2,898912,610,5258,907267,2211,0,367,0
1776518059.768578879,cpu3,964039,439,5735,842145,2033,0,529,0
1776518059.768578879,cpu4,940998,477,5555,865605,1912,0,441,0
1776518059.768578879,cpu5,918394,701,6433,886952,1962,0,553,0
1776518059.768578879,cpu6,940669,454,5407,866055,1902,0,377,0
1776518059.768578879,cpu7,921074,453,5623,885495,1945,0,447,0
1776518059.768578879,cpu8,1122503,533,13371,676039,1480,0,1583,0
1776518059.768578879,cpu9,727501,451,17625,1063695,2395,0,2263,0
1776518059.768578879,cpu10,883646,691,13362,912259,3010,0,1424,0
1776518059.768578879,cpu11,969692,631,13453,823494,2539,0,3559,0
1776518059.768578879,cpu12,944666,603,10015,855367,2831,0,1121,0
1776518059.768578879,cpu13,908208,369,7647,894905,2853,0,689,0
1776518059.768578879,cpu14,1079142,456,6728,726019,2065,0,779,0
1776518059.768578879,cpu15,786043,519,7490,1016867,2825,0,711,0
1776518059.768578879,cpu16,1779559,158,3916,32932,54,0,381,0
1776518059.768578879,cpu17,1781500,31,2144,33071,55,0,181,0
1776518059.768578879,cpu18,1779332,31,4154,32936,56,0,502,0
1776518059.768578879,cpu19,1780753,38,2981,32855,48,0,338,0
1776518060.777642809,cpu0,750815,861,7402,1042354,2473,0,1333,0
1776518060.777642809,cpu1,1104185,523,4633,698131,1615,0,634,0
1776518060.777642809,cpu2,899011,610,5259,907267,2211,0,367,0
1776518060.777642809,cpu3,964111,444,5742,842157,2035,0,530,0
1776518060.777642809,cpu4,941098,477,5556,865605,1912,0,441,0
1776518060.777642809,cpu5,918494,701,6433,886952,1962,0,553,0
1776518060.777642809,cpu6,940770,454,5407,866055,1902,0,377,0
1776518060.777642809,cpu7,921175,453,5624,885495,1945,0,447,0
1776518060.777642809,cpu8,1122603,533,13371,676039,1480,0,1583,0
1776518060.777642809,cpu9,727602,451,17625,1063695,2395,0,2263,0
1776518060.777642809,cpu10,883747,691,13362,912259,3010,0,1424,0
1776518060.777642809,cpu11,969793,631,13453,823494,2539,0,3559,0
1776518060.777642809,cpu12,944767,603,10015,855367,2831,0,1121,0
1776518060.777642809,cpu13,908309,369,7647,894905,2853,0,689,0
1776518060.777642809,cpu14,1079242,456,6728,726019,2065,0,779,0
1776518060.777642809,cpu15,786143,519,7490,1016867,2825,0,711,0
1776518060.777642809,cpu16,1779660,158,3916,32932,54,0,381,0
1776518060.777642809,cpu17,1781599,31,2145,33071,55,0,181,0
1776518060.777642809,cpu18,1779432,31,4155,32936,56,0,502,0
1776518060.777642809,cpu19,1780854,38,2981,32855,48,0,338,0
1776518061.785954804,cpu0,750865,862,7442,1042355,2474,0,1341,0
1776518061.785954804,cpu1,1104190,523,4703,698132,1615,0,657,0
1776518061.785954804,cpu2,899112,610,5259,907267,2211,0,367,0
1776518061.785954804,cpu3,964212,444,5742,842157,2035,0,530,0
1776518061.785954804,cpu4,941158,478,5588,865609,1912,0,444,0
1776518061.785954804,cpu5,918595,701,6433,886952,1962,0,553,0
1776518061.785954804,cpu6,940870,454,5407,866055,1902,0,377,0
1776518061.785954804,cpu7,921276,453,5624,885495,1945,0,447,0
1776518061.785954804,cpu8,1122703,533,13372,676039,1480,0,1583,0
1776518061.785954804,cpu9,727702,451,17625,1063695,2395,0,2263,0
1776518061.785954804,cpu10,883847,691,13363,912259,3010,0,1424,0
1776518061.785954804,cpu11,969893,631,13453,823494,2539,0,3560,0
1776518061.785954804,cpu12,944868,603,10015,855367,2831,0,1121,0
1776518061.785954804,cpu13,908409,369,7647,894905,2853,0,689,0
1776518061.785954804,cpu14,1079343,456,6728,726019,2065,0,779,0
1776518061.785954804,cpu15,786244,519,7491,1016867,2825,0,711,0
1776518061.785954804,cpu16,1779760,158,3917,32932,54,0,381,0
1776518061.785954804,cpu17,1781700,31,2145,33071,55,0,181,0
1776518061.785954804,cpu18,1779533,31,4155,32936,56,0,502,0
1776518061.785954804,cpu19,1780954,38,2981,32855,48,0,338,0
1776518062.793159283,cpu0,750917,862,7476,1042356,2474,0,1355,0
1776518062.793159283,cpu1,1104242,523,4738,698133,1615,0,669,0
1776518062.793159283,cpu2,899212,610,5259,907267,2211,0,367,0
1776518062.793159283,cpu3,964313,444,5742,842157,2035,0,530,0
1776518062.793159283,cpu4,941160,479,5676,865609,1912,0,455,0
1776518062.793159283,cpu5,918695,701,6433,886952,1962,0,553,0
1776518062.793159283,cpu6,940970,454,5408,866055,1902,0,377,0
1776518062.793159283,cpu7,921376,453,5624,885495,1945,0,447,0
1776518062.793159283,cpu8,1122803,533,13372,676039,1480,0,1583,0
1776518062.793159283,cpu9,727803,451,17625,1063695,2395,0,2263,0
1776518062.793159283,cpu10,883946,691,13365,912259,3010,0,1424,0
1776518062.793159283,cpu11,969993,631,13453,823494,2539,0,3560,0
1776518062.793159283,cpu12,944968,603,10016,855367,2831,0,1121,0
1776518062.793159283,cpu13,908510,369,7647,894905,2853,0,689,0
1776518062.793159283,cpu14,1079443,456,6728,726019,2065,0,779,0
1776518062.793159283,cpu15,786342,519,7492,1016867,2825,0,711,0
1776518062.793159283,cpu16,1779860,158,3917,32932,54,0,381,0
1776518062.793159283,cpu17,1781801,31,2145,33071,55,0,181,0
1776518062.793159283,cpu18,1779633,31,4156,32936,56,0,502,0
1776518062.793159283,cpu19,1781055,38,2981,32855,48,0,338,0
1776518063.798626489,cpu0,750999,862,7489,1042356,2474,0,1360,0
1776518063.798626489,cpu1,1104264,525,4802,698139,1615,0,677,0
1776518063.798626489,cpu2,899313,610,5259,907267,2211,0,367,0
1776518063.798626489,cpu3,964413,444,5742,842157,2035,0,530,0
1776518063.798626489,cpu4,941177,479,5737,865611,1912,0,475,0
1776518063.798626489,cpu5,918796,701,6433,886952,1962,0,553,0
1776518063.798626489,cpu6,941071,454,5408,866055,1902,0,377,0
1776518063.798626489,cpu7,921477,453,5625,885495,1945,0,447,0
1776518063.798626489,cpu8,1122904,533,13373,676039,1480,0,1583,0
1776518063.798626489,cpu9,727904,451,17625,1063695,2395,0,2263,0
1776518063.798626489,cpu10,884046,691,13365,912259,3010,0,1424,0
1776518063.798626489,cpu11,970094,631,13454,823494,2539,0,3560,0
1776518063.798626489,cpu12,945068,603,10016,855367,2831,0,1121,0
1776518063.798626489,cpu13,908610,369,7648,894905,2853,0,689,0
1776518063.798626489,cpu14,1079537,457,6733,726020,2065,0,780,0
1776518063.798626489,cpu15,786437,519,7496,1016869,2825,0,712,0
1776518063.798626489,cpu16,1779960,158,3918,32932,54,0,381,0
1776518063.798626489,cpu17,1781902,31,2145,33071,55,0,181,0
1776518063.798626489,cpu18,1779734,31,4156,32936,56,0,502,0
1776518063.798626489,cpu19,1781156,38,2981,32855,48,0,338,0
1776518064.810232646,cpu0,751093,862,7494,1042356,2474,0,1363,0
1776518064.810232646,cpu1,1104365,525,4802,698139,1615,0,677,0
1776518064.810232646,cpu2,899413,610,5260,907267,2211,0,367,0
1776518064.810232646,cpu3,964514,444,5742,842157,2035,0,530,0
1776518064.810232646,cpu4,941278,479,5737,865611,1912,0,475,0
1776518064.810232646,cpu5,918897,701,6433,886952,1962,0,553,0
1776518064.810232646,cpu6,941080,454,5488,866060,1902,0,385,0
1776518064.810232646,cpu7,921577,453,5625,885495,1945,0,447,0
1776518064.810232646,cpu8,1123004,533,13373,676039,1480,0,1583,0
1776518064.810232646,cpu9,728004,451,17626,1063695,2395,0,2263,0
1776518064.810232646,cpu10,884147,691,13365,912259,3010,0,1424,0
1776518064.810232646,cpu11,970192,631,13456,823494,2539,0,3561,0
1776518064.810232646,cpu12,945168,603,10018,855367,2831,0,1121,0
1776518064.810232646,cpu13,908711,369,7648,894905,2853,0,689,0
1776518064.810232646,cpu14,1079637,457,6734,726021,2065,0,780,0
1776518064.810232646,cpu15,786443,519,7564,1016870,2825,0,737,0
1776518064.810232646,cpu16,1780061,158,3918,32932,54,0,381,0
1776518064.810232646,cpu17,1782002,31,2146,33071,55,0,181,0
1776518064.810232646,cpu18,1779835,31,4156,32936,56,0,502,0
1776518064.810232646,cpu19,1781257,38,2981,32855,48,0,338,0
1776518065.819396915,cpu0,751193,862,7494,1042356,2474,0,1363,0
1776518065.819396915,cpu1,1104466,525,4802,698139,1615,0,677,0
1776518065.819396915,cpu2,899513,610,5260,907267,2211,0,367,0
1776518065.819396915,cpu3,964615,444,5742,842157,2035,0,530,0
1776518065.819396915,cpu4,941378,479,5738,865611,1912,0,475,0
1776518065.819396915,cpu5,918998,701,6433,886952,1962,0,553,0
1776518065.819396915,cpu6,941086,455,5555,866060,1902,0,411,0
1776518065.819396915,cpu7,921580,453,5712,885496,1945,0,457,0
1776518065.819396915,cpu8,1123104,533,13374,676039,1480,0,1583,0
1776518065.819396915,cpu9,728104,451,17626,1063695,2395,0,2263,0
1776518065.819396915,cpu10,884248,691,13365,912259,3010,0,1424,0
1776518065.819396915,cpu11,970292,631,13456,823494,2539,0,3561,0
1776518065.819396915,cpu12,945268,603,10018,855367,2831,0,1121,0
1776518065.819396915,cpu13,908811,369,7648,894905,2853,0,689,0
1776518065.819396915,cpu14,1079737,457,6734,726021,2065,0,780,0
1776518065.819396915,cpu15,786544,519,7564,1016870,2825,0,737,0
1776518065.819396915,cpu16,1780162,158,3918,32932,54,0,381,0
1776518065.819396915,cpu17,1782103,31,2146,33071,55,0,181,0
1776518065.819396915,cpu18,1779935,31,4157,32936,56,0,502,0
1776518065.819396915,cpu19,1781355,40,2983,32855,48,0,338,0
1776518066.825653428,cpu0,751294,862,7494,1042356,2474,0,1363,0
1776518066.825653428,cpu1,1104565,525,4803,698139,1615,0,677,0
1776518066.825653428,cpu2,899614,610,5261,907267,2211,0,367,0
1776518066.825653428,cpu3,964715,444,5743,842157,2035,0,530,0
1776518066.825653428,cpu4,941478,479,5739,865611,1912,0,475,0
1776518066.825653428,cpu5,919099,701,6434,886952,1962,0,553,0
1776518066.825653428,cpu6,941091,455,5626,866060,1902,0,435,0
1776518066.825653428,cpu7,921582,453,5798,885496,1945,0,469,0
1776518066.825653428,cpu8,1123205,533,13374,676039,1480,0,1583,0
1776518066.825653428,cpu9,728205,451,17626,1063695,2395,0,2263,0
1776518066.825653428,cpu10,884346,691,13367,912259,3010,0,1424,0
1776518066.825653428,cpu11,970393,631,13456,823494,2539,0,3562,0
1776518066.825653428,cpu12,945368,603,10019,855367,2831,0,1121,0
1776518066.825653428,cpu13,908912,369,7649,894905,2853,0,689,0
1776518066.825653428,cpu14,1079838,457,6734,726021,2065,0,780,0
1776518066.825653428,cpu15,786645,519,7565,1016870,2825,0,737,0
1776518066.825653428,cpu16,1780262,158,3919,32932,54,0,381,0
1776518066.825653428,cpu17,1782202,31,2148,33071,55,0,181,0
1776518066.825653428,cpu18,1780035,31,4157,32936,56,0,502,0
1776518066.825653428,cpu19,1781455,40,2983,32855,48,0,338,0
1776518067.835936986,cpu0,751395,862,7494,1042356,2474,0,1363,0
1776518067.835936986,cpu1,1104666,525,4803,698139,1615,0,677,0
1776518067.835936986,cpu2,899714,610,5261,907267,2211,0,367,0
1776518067.835936986,cpu3,964815,445,5744,842157,2035,0,530,0
1776518067.835936986,cpu4,941574,479,5740,865615,1912,0,475,0
1776518067.835936986,cpu5,919194,701,6437,886954,1962,0,553,0
1776518067.835936986,cpu6,941131,455,5671,866062,1902,0,449,0
1776518067.835936986,cpu7,921594,454,5862,885506,1945,0,482,0
1776518067.835936986,cpu8,1123305,533,13374,676039,1480,0,1584,0
1776518067.835936986,cpu9,728306,451,17626,1063695,2395,0,2263,0
1776518067.835936986,cpu10,884447,691,13367,912259,3010,0,1424,0
1776518067.835936986,cpu11,970493,631,13456,823494,2539,0,3562,0
1776518067.835936986,cpu12,945468,603,10020,855367,2831,0,1121,0
1776518067.835936986,cpu13,909012,369,7649,894905,2853,0,689,0
1776518067.835936986,cpu14,1079938,457,6734,726021,2065,0,780,0
1776518067.835936986,cpu15,786746,519,7565,1016870,2825,0,737,0
1776518067.835936986,cpu16,1780328,158,3951,32932,54,0,383,0
1776518067.835936986,cpu17,1782303,31,2148,33071,55,0,181,0
1776518067.835936986,cpu18,1780136,31,4158,32936,56,0,502,0
1776518067.835936986,cpu19,1781555,40,2984,32855,48,0,338,0
1776518068.842581286,cpu0,751488,862,7494,1042363,2474,0,1363,0
1776518068.842581286,cpu1,1104767,525,4803,698139,1615,0,677,0
1776518068.842581286,cpu2,899814,610,5262,907267,2211,0,367,0
1776518068.842581286,cpu3,964916,445,5744,842157,2035,0,530,0
1776518068.842581286,cpu4,941647,479,5750,865631,1912,0,475,0
1776518068.842581286,cpu5,919294,701,6437,886954,1962,0,553,0
1776518068.842581286,cpu6,941229,455,5673,866062,1902,0,449,0
1776518068.842581286,cpu7,921680,454,5865,885516,1945,0,483,0
1776518068.842581286,cpu8,1123404,533,13375,676040,1480,0,1584,0
1776518068.842581286,cpu9,728406,451,17626,1063695,2395,0,2263,0
1776518068.842581286,cpu10,884548,691,13368,912259,3010,0,1424,0
1776518068.842581286,cpu11,970593,631,13457,823494,2539,0,3563,0
1776518068.842581286,cpu12,945545,604,10021,855388,2831,0,1121,0
1776518068.842581286,cpu13,909113,369,7649,894905,2853,0,689,0
1776518068.842581286,cpu14,1080039,457,6734,726021,2065,0,780,0
1776518068.842581286,cpu15,786840,519,7565,1016875,2825,0,737,0
1776518068.842581286,cpu16,1780410,158,3966,32932,54,0,387,0
1776518068.842581286,cpu17,1782319,33,2219,33073,55,0,191,0
1776518068.842581286,cpu18,1780235,31,4159,32936,56,0,502,0
1776518068.842581286,cpu19,1781656,40,2984,32855,48,0,338,0
1776518069.850842819,cpu0,751580,863,7498,1042367,2474,0,1363,0
1776518069.850842819,cpu1,1104849,528,4808,698149,1615,0,677,0
1776518069.850842819,cpu2,899870,611,5263,907309,2211,0,367,0
1776518069.850842819,cpu3,965011,445,5744,842162,2035,0,530,0
1776518069.850842819,cpu4,941738,479,5751,865640,1912,0,475,0
1776518069.850842819,cpu5,919395,701,6437,886954,1962,0,553,0
1776518069.850842819,cpu6,941329,455,5673,866062,1902,0,449,0
1776518069.850842819,cpu7,921781,454,5865,885516,1945,0,483,0
1776518069.850842819,cpu8,1123499,534,13375,676044,1480,0,1584,0
1776518069.850842819,cpu9,728507,451,17626,1063695,2395,0,2263,0
1776518069.850842819,cpu10,884649,691,13368,912259,3010,0,1424,0
1776518069.850842819,cpu11,970693,631,13457,823494,2539,0,3563,0
1776518069.850842819,cpu12,945646,604,10022,855388,2831,0,1121,0
1776518069.850842819,cpu13,909213,369,7649,894905,2853,0,689,0
1776518069.850842819,cpu14,1080140,457,6734,726021,2065,0,780,0
1776518069.850842819,cpu15,786941,519,7565,1016875,2825,0,737,0
1776518069.850842819,cpu16,1780511,158,3966,32932,54,0,387,0
1776518069.850842819,cpu17,1782321,33,2304,33074,55,0,203,0
1776518069.850842819,cpu18,1780335,31,4159,32936,56,0,502,0
1776518069.850842819,cpu19,1781755,40,2985,32855,48,0,338,0
1776518070.855083217,cpu0,751675,863,7498,1042373,2474,0,1363,0
1776518070.855083217,cpu1,1104950,528,4808,698149,1615,0,677,0
1776518070.855083217,cpu2,899965,612,5266,907313,2212,0,367,0
1776518070.855083217,cpu3,965108,445,5745,842164,2035,0,530,0
1776518070.855083217,cpu4,941838,479,5752,865640,1912,0,475,0
1776518070.855083217,cpu5,919496,701,6437,886954,1962,0,553,0
1776518070.855083217,cpu6,941430,455,5673,866062,1902,0,449,0
1776518070.855083217,cpu7,921882,454,5865,885516,1945,0,483,0
1776518070.855083217,cpu8,1123538,535,13384,676094,1481,0,1585,0
1776518070.855083217,cpu9,728592,454,17629,1063704,2396,0,2264,0
1776518070.855083217,cpu10,884749,691,13368,912259,3010,0,1424,0
1776518070.855083217,cpu11,970793,631,13457,823494,2539,0,3563,0
1776518070.855083217,cpu12,945746,604,10022,855388,2831,0,1121,0
1776518070.855083217,cpu13,909314,369,7650,894905,2853,0,689,0
1776518070.855083217,cpu14,1080160,457,6763,726056,2065,0,792,0
1776518070.855083217,cpu15,787035,519,7571,1016875,2825,0,738,0
1776518070.855083217,cpu16,1780611,158,3967,32932,54,0,387,0
1776518070.855083217,cpu17,1782354,33,2366,33074,55,0,208,0
1776518070.855083217,cpu18,1780430,31,4164,32936,56,0,502,0
1776518070.855083217,cpu19,1781855,40,2985,32855,48,0,338,0
1776518071.863450208,cpu0,751776,863,7498,1042373,2474,0,1363,0
1776518071.863450208,cpu1,1105050,528,4808,698149,1615,0,677,0
1776518071.863450208,cpu2,900065,612,5266,907313,2212,0,367,0
1776518071.863450208,cpu3,965208,445,5746,842164,2035,0,530,0
1776518071.863450208,cpu4,941937,479,5754,865640,1912,0,476,0
1776518071.863450208,cpu5,919596,701,6437,886954,1962,0,553,0
1776518071.863450208,cpu6,941530,455,5673,866062,1902,0,449,0
1776518071.863450208,cpu7,921982,454,5866,885516,1945,0,483,0
1776518071.863450208,cpu8,1123581,537,13428,676100,1482,0,1589,0
1776518071.863450208,cpu9,728651,454,17651,1063713,2396,0,2273,0
1776518071.863450208,cpu10,884850,691,13368,912259,3010,0,1424,0
1776518071.863450208,cpu11,970894,631,13457,823494,2539,0,3563,0
1776518071.863450208,cpu12,945846,604,10023,855388,2831,0,1121,0
1776518071.863450208,cpu13,909414,369,7650,894905,2853,0,689,0
1776518071.863450208,cpu14,1080260,457,6763,726056,2065,0,792,0
1776518071.863450208,cpu15,787038,519,7645,1016875,2825,0,761,0
1776518071.863450208,cpu16,1780712,158,3967,32932,54,0,387,0
1776518071.863450208,cpu17,1782454,33,2366,33074,55,0,208,0
1776518071.863450208,cpu18,1780531,31,4165,32936,56,0,502,0
1776518071.863450208,cpu19,1781954,40,2987,32855,48,0,338,0
1776518072.870277506,cpu0,751876,863,7498,1042373,2474,0,1363,0
1776518072.870277506,cpu1,1105151,528,4808,698149,1615,0,677,0
1776518072.870277506,cpu2,900165,612,5267,907313,2212,0,367,0
1776518072.870277506,cpu3,965309,445,5746,842164,2035,0,530,0
1776518072.870277506,cpu4,942037,479,5754,865640,1912,0,476,0
1776518072.870277506,cpu5,919697,701,6437,886954,1962,0,553,0
1776518072.870277506,cpu6,941630,455,5674,866062,1902,0,449,0
1776518072.870277506,cpu7,922083,454,5866,885516,1945,0,483,0
1776518072.870277506,cpu8,1123638,542,13455,676102,1484,0,1596,0
1776518072.870277506,cpu9,728699,456,17686,1063716,2397,0,2284,0
1776518072.870277506,cpu10,884950,691,13368,912259,3010,0,1424,0
1776518072.870277506,cpu11,970994,631,13457,823494,2539,0,3564,0
1776518072.870277506,cpu12,945946,604,10023,855388,2831,0,1121,0
1776518072.870277506,cpu13,909515,369,7650,894905,2853,0,689,0
1776518072.870277506,cpu14,1080361,457,6763,726056,2065,0,792,0
1776518072.870277506,cpu15,787044,519,7706,1016901,2825,0,769,0
1776518072.870277506,cpu16,1780812,158,3967,32932,54,0,387,0
1776518072.870277506,cpu17,1782555,33,2366,33074,55,0,208,0
1776518072.870277506,cpu18,1780631,31,4165,32936,56,0,502,0
1776518072.870277506,cpu19,1782055,40,2987,32855,48,0,338,0
1776518073.878679441,cpu0,751977,863,7498,1042373,2474,0,1363,0
1776518073.878679441,cpu1,1105251,528,4808,698149,1615,0,677,0
1776518073.878679441,cpu2,900265,612,5267,907313,2212,0,367,0
1776518073.878679441,cpu3,965409,445,5746,842164,2035,0,530,0
1776518073.878679441,cpu4,942089,480,5787,865640,1912,0,490,0
1776518073.878679441,cpu5,919798,701,6437,886954,1962,0,553,0
1776518073.878679441,cpu6,941731,455,5674,866062,1902,0,449,0
1776518073.878679441,cpu7,922183,454,5866,885516,1945,0,483,0
1776518073.878679441,cpu8,1123735,542,13455,676103,1485,0,1596,0
1776518073.878679441,cpu9,728800,456,17686,1063716,2397,0,2284,0
1776518073.878679441,cpu10,885051,691,13368,912259,3010,0,1424,0
1776518073.878679441,cpu11,971094,631,13458,823494,2539,0,3564,0
1776518073.878679441,cpu12,946041,604,10025,855392,2832,0,1121,0
1776518073.878679441,cpu13,909527,370,7720,894909,2854,0,702,0
1776518073.878679441,cpu14,1080461,457,6763,726056,2065,0,792,0
1776518073.878679441,cpu15,787104,519,7741,1016901,2825,0,774,0
1776518073.878679441,cpu16,1780913,158,3967,32932,54,0,387,0
1776518073.878679441,cpu17,1782656,33,2366,33074,55,0,208,0
1776518073.878679441,cpu18,1780731,31,4166,32936,56,0,502,0
1776518073.878679441,cpu19,1782154,40,2988,32855,48,0,338,0
1776518074.886955289,cpu0,752078,863,7498,1042373,2474,0,1363,0
1776518074.886955289,cpu1,1105352,528,4808,698149,1615,0,677,0
1776518074.886955289,cpu2,900366,612,5267,907313,2212,0,367,0
1776518074.886955289,cpu3,965508,445,5748,842164,2035,0,530,0
1776518074.886955289,cpu4,942141,484,5807,865656,1913,0,497,0
1776518074.886955289,cpu5,919897,701,6438,886954,1962,0,553,0
1776518074.886955289,cpu6,941831,455,5675,866062,1902,0,449,0
1776518074.886955289,cpu7,922284,454,5866,885516,1945,0,483,0
1776518074.886955289,cpu8,1123831,542,13460,676103,1485,0,1596,0
1776518074.886955289,cpu9,728895,458,17688,1063717,2397,0,2284,0
1776518074.886955289,cpu10,885151,691,13368,912259,3010,0,1424,0
1776518074.886955289,cpu11,971194,631,13458,823494,2539,0,3564,0
1776518074.886955289,cpu12,946140,604,10025,855393,2832,0,1121,0
1776518074.886955289,cpu13,909541,370,7784,894920,2854,0,713,0
1776518074.886955289,cpu14,1080562,457,6764,726056,2065,0,792,0
1776518074.886955289,cpu15,787172,520,7760,1016909,2825,0,778,0
1776518074.886955289,cpu16,1781013,158,3967,32932,54,0,387,0
1776518074.886955289,cpu17,1782756,33,2366,33074,55,0,208,0
1776518074.886955289,cpu18,1780822,31,4175,32936,56,0,503,0
1776518074.886955289,cpu19,1782255,40,2989,32855,48,0,338,0
1776518075.895637645,cpu0,752146,863,7523,1042376,2474,0,1366,0
1776518075.895637645,cpu1,1105453,528,4808,698149,1615,0,677,0
1776518075.895637645,cpu2,900466,612,5268,907313,2212,0,367,0
1776518075.895637645,cpu3,965609,445,5748,842164,2035,0,530,0
1776518075.895637645,cpu4,942240,484,5809,865656,1913,0,497,0
1776518075.895637645,cpu5,919998,701,6438,886954,1962,0,553,0
1776518075.895637645,cpu6,941931,455,5676,866062,1902,0,449,0
1776518075.895637645,cpu7,922385,454,5866,885516,1945,0,483,0
1776518075.895637645,cpu8,1123931,542,13461,676103,1485,0,1596,0
1776518075.895637645,cpu9,728996,458,17688,1063717,2397,0,2284,0
1776518075.895637645,cpu10,885252,691,13369,912259,3010,0,1424,0
1776518075.895637645,cpu11,971294,631,13458,823494,2539,0,3564,0
1776518075.895637645,cpu12,946240,604,10026,855393,2832,0,1121,0
1776518075.895637645,cpu13,909642,370,7784,894920,2854,0,713,0
1776518075.895637645,cpu14,1080608,457,6784,726077,2065,0,803,0
1776518075.895637645,cpu15,787229,522,7787,1016911,2826,0,790,0
1776518075.895637645,cpu16,1781113,158,3969,32932,54,0,387,0
1776518075.895637645,cpu17,1782857,33,2366,33074,55,0,208,0
1776518075.895637645,cpu18,1780858,31,4235,32936,56,0,508,0
1776518075.895637645,cpu19,1782354,40,2990,32855,48,0,338,0
1776518076.902972414,cpu0,752239,863,7530,1042376,2474,0,1367,0
1776518076.902972414,cpu1,1105463,528,4887,698149,1615,0,688,0
1776518076.902972414,cpu2,900567,612,5268,907313,2212,0,367,0
1776518076.902972414,cpu3,965709,445,5748,842164,2035,0,530,0
1776518076.902972414,cpu4,942331,485,5814,865657,1914,0,497,0
1776518076.902972414,cpu5,920094,702,6441,886954,1962,0,553,0
1776518076.902972414,cpu6,942032,455,5676,866062,1902,0,449,0
1776518076.902972414,cpu7,922485,454,5866,885516,1945,0,483,0
1776518076.902972414,cpu8,1124028,542,13463,676104,1485,0,1596,0
1776518076.902972414,cpu9,729096,458,17688,1063717,2397,0,2284,0
1776518076.902972414,cpu10,885352,691,13369,912259,3010,0,1424,0
1776518076.902972414,cpu11,971395,631,13459,823494,2539,0,3564,0
1776518076.902972414,cpu12,946341,604,10026,855393,2832,0,1121,0
1776518076.902972414,cpu13,909743,370,7784,894920,2854,0,713,0
1776518076.902972414,cpu14,1080709,457,6784,726077,2065,0,803,0
1776518076.902972414,cpu15,787254,524,7812,1016950,2826,0,799,0
1776518076.902972414,cpu16,1781212,158,3970,32932,54,0,387,0
1776518076.902972414,cpu17,1782958,33,2366,33074,55,0,208,0
1776518076.902972414,cpu18,1780958,31,4235,32936,56,0,508,0
1776518076.902972414,cpu19,1782455,40,2990,32855,48,0,338,0
1776518077.910686933,cpu0,752339,863,7530,1042376,2474,0,1368,0
1776518077.910686933,cpu1,1105466,528,4967,698149,1615,0,705,0
1776518077.910686933,cpu2,900668,612,5268,907313,2212,0,367,0
1776518077.910686933,cpu3,965810,445,5748,842164,2035,0,530,0
1776518077.910686933,cpu4,942433,485,5814,865657,1914,0,497,0
1776518077.910686933,cpu5,920192,705,6441,886954,1962,0,553,0
1776518077.910686933,cpu6,942133,455,5676,866062,1902,0,449,0
1776518077.910686933,cpu7,922586,454,5866,885516,1945,0,483,0
1776518077.910686933,cpu8,1124050,543,13469,676173,1486,0,1598,0
1776518077.910686933,cpu9,729193,458,17689,1063720,2398,0,2284,0
1776518077.910686933,cpu10,885454,691,13369,912259,3010,0,1424,0
1776518077.910686933,cpu11,971496,631,13459,823494,2539,0,3564,0
1776518077.910686933,cpu12,946441,604,10027,855393,2832,0,1122,0
1776518077.910686933,cpu13,909844,370,7784,894920,2854,0,713,0
1776518077.910686933,cpu14,1080802,457,6785,726084,2065,0,803,0
1776518077.910686933,cpu15,787355,524,7812,1016950,2826,0,799,0
1776518077.910686933,cpu16,1781313,158,3970,32932,54,0,387,0
1776518077.910686933,cpu17,1783059,33,2367,33074,55,0,208,0
1776518077.910686933,cpu18,1781059,31,4236,32936,56,0,508,0
1776518077.910686933,cpu19,1782555,40,2991,32855,48,0,338,0
1776518078.920838359,cpu0,752440,863,7530,1042376,2474,0,1368,0
1776518078.920838359,cpu1,1105497,529,5024,698149,1615,0,718,0
1776518078.920838359,cpu2,900768,612,5268,907313,2212,0,367,0
1776518078.920838359,cpu3,965910,445,5749,842164,2035,0,530,0
1776518078.920838359,cpu4,942533,485,5814,865657,1914,0,497,0
1776518078.920838359,cpu5,920292,705,6442,886954,1962,0,553,0
1776518078.920838359,cpu6,942232,455,5677,866062,1902,0,449,0
1776518078.920838359,cpu7,922687,454,5866,885516,1945,0,483,0
1776518078.920838359,cpu8,1124078,548,13505,676197,1488,0,1603,0
1776518078.920838359,cpu9,729272,459,17700,1063727,2398,0,2286,0
1776518078.920838359,cpu10,885554,691,13369,912259,3010,0,1424,0
1776518078.920838359,cpu11,971597,631,13459,823494,2539,0,3564,0
1776518078.920838359,cpu12,946523,604,10039,855395,2832,0,1125,0
1776518078.920838359,cpu13,909936,370,7791,894920,2854,0,714,0
1776518078.920838359,cpu14,1080902,457,6785,726084,2065,0,803,0
1776518078.920838359,cpu15,787456,524,7813,1016950,2826,0,799,0
1776518078.920838359,cpu16,1781414,158,3970,32932,54,0,387,0
1776518078.920838359,cpu17,1783160,33,2367,33074,55,0,208,0
1776518078.920838359,cpu18,1781158,31,4237,32936,56,0,508,0
1776518078.920838359,cpu19,1782656,40,2991,32855,48,0,338,0
1776518079.928491907,cpu0,752541,863,7530,1042376,2474,0,1368,0
1776518079.928491907,cpu1,1105597,529,5025,698149,1615,0,718,0
1776518079.928491907,cpu2,900869,612,5268,907313,2212,0,367,0
1776518079.928491907,cpu3,966011,445,5750,842164,2035,0,530,0
1776518079.928491907,cpu4,942634,485,5814,865657,1914,0,497,0
1776518079.928491907,cpu5,920392,705,6442,886954,1962,0,553,0
1776518079.928491907,cpu6,942333,455,5677,866062,1902,0,449,0
1776518079.928491907,cpu7,922788,454,5866,885516,1945,0,483,0
1776518079.928491907,cpu8,1124160,550,13507,676211,1489,0,1603,0
1776518079.928491907,cpu9,729372,459,17700,1063727,2399,0,2286,0
1776518079.928491907,cpu10,885653,692,13370,912259,3010,0,1424,0
1776518079.928491907,cpu11,971686,632,13463,823498,2539,0,3565,0
1776518079.928491907,cpu12,946562,604,10082,855395,2832,0,1144,0
1776518079.928491907,cpu13,909938,370,7879,894920,2854,0,725,0
1776518079.928491907,cpu14,1081002,457,6786,726084,2065,0,803,0
1776518079.928491907,cpu15,787556,524,7813,1016950,2826,0,799,0
1776518079.928491907,cpu16,1781514,158,3970,32932,54,0,387,0
1776518079.928491907,cpu17,1783260,33,2367,33074,55,0,208,0
1776518079.928491907,cpu18,1781259,31,4238,32936,56,0,508,0
1776518079.928491907,cpu19,1782755,40,2993,32855,48,0,338,0
1776518080.936701672,cpu0,752641,863,7530,1042376,2474,0,1368,0
1776518080.936701672,cpu1,1105698,529,5025,698149,1615,0,718,0
1776518080.936701672,cpu2,900970,612,5269,907313,2212,0,367,0
1776518080.936701672,cpu3,966111,445,5750,842164,2035,0,530,0
1776518080.936701672,cpu4,942734,485,5815,865657,1914,0,497,0
1776518080.936701672,cpu5,920493,705,6442,886954,1962,0,553,0
1776518080.936701672,cpu6,942433,455,5678,866062,1902,0,449,0
1776518080.936701672,cpu7,922888,454,5867,885516,1945,0,483,0
1776518080.936701672,cpu8,1124260,550,13508,676211,1489,0,1603,0
1776518080.936701672,cpu9,729473,459,17700,1063727,2399,0,2286,0
1776518080.936701672,cpu10,885753,692,13370,912259,3010,0,1424,0
1776518080.936701672,cpu11,971786,632,13463,823498,2539,0,3565,0
1776518080.936701672,cpu12,946565,605,10169,855396,2832,0,1154,0
1776518080.936701672,cpu13,909948,371,7942,894920,2854,0,753,0
1776518080.936701672,cpu14,1081103,457,6786,726084,2065,0,803,0
1776518080.936701672,cpu15,787656,524,7813,1016950,2826,0,799,0
1776518080.936701672,cpu16,1781614,158,3971,32932,54,0,387,0
1776518080.936701672,cpu17,1783361,33,2367,33074,55,0,208,0
1776518080.936701672,cpu18,1781359,31,4238,32936,56,0,508,0
1776518080.936701672,cpu19,1782855,40,2993,32855,48,0,338,0
1776518081.948606396,cpu0,752742,863,7531,1042376,2474,0,1368,0
1776518081.948606396,cpu1,1105798,529,5026,698149,1615,0,718,0
1776518081.948606396,cpu2,901071,612,5269,907313,2212,0,367,0
1776518081.948606396,cpu3,966211,445,5750,842164,2035,0,530,0
1776518081.948606396,cpu4,942834,485,5816,865657,1914,0,497,0
1776518081.948606396,cpu5,920593,705,6444,886954,1962,0,553,0
1776518081.948606396,cpu6,942533,455,5679,866062,1902,0,450,0
1776518081.948606396,cpu7,922989,454,5867,885516,1945,0,483,0
1776518081.948606396,cpu8,1124361,550,13508,676211,1489,0,1603,0
1776518081.948606396,cpu9,729574,459,17700,1063727,2399,0,2286,0
1776518081.948606396,cpu10,885854,692,13370,912259,3010,0,1424,0
1776518081.948606396,cpu11,971887,632,13463,823498,2539,0,3565,0
1776518081.948606396,cpu12,946572,605,10235,855398,2832,0,1180,0
1776518081.948606396,cpu13,909958,371,8021,894920,2854,0,764,0
1776518081.948606396,cpu14,1081203,457,6787,726084,2065,0,803,0
1776518081.948606396,cpu15,787757,524,7814,1016950,2826,0,799,0
1776518081.948606396,cpu16,1781715,158,3971,32932,54,0,387,0
1776518081.948606396,cpu17,1783462,33,2367,33074,55,0,208,0
1776518081.948606396,cpu18,1781460,31,4238,32936,56,0,508,0
1776518081.948606396,cpu19,1782956,40,2994,32855,48,0,338,0
1776518082.954792769,cpu0,752843,863,7531,1042376,2474,0,1368,0
1776518082.954792769,cpu1,1105898,529,5026,698149,1615,0,718,0
1776518082.954792769,cpu2,901171,612,5269,907313,2212,0,367,0
1776518082.954792769,cpu3,966312,445,5751,842164,2035,0,530,0
1776518082.954792769,cpu4,942935,485,5816,865657,1914,0,497,0
1776518082.954792769,cpu5,920693,705,6444,886954,1962,0,553,0
1776518082.954792769,cpu6,942633,455,5679,866062,1902,0,450,0
1776518082.954792769,cpu7,923089,454,5867,885516,1945,0,483,0
1776518082.954792769,cpu8,1124461,550,13508,676211,1489,0,1603,0
1776518082.954792769,cpu9,729674,459,17700,1063727,2399,0,2286,0
1776518082.954792769,cpu10,885955,692,13370,912259,3010,0,1424,0
1776518082.954792769,cpu11,971987,632,13463,823498,2539,0,3565,0
1776518082.954792769,cpu12,946575,605,10317,855399,2832,0,1193,0
1776518082.954792769,cpu13,909964,371,8091,894921,2854,0,788,0
1776518082.954792769,cpu14,1081303,458,6787,726084,2065,0,803,0
1776518082.954792769,cpu15,787857,524,7814,1016950,2826,0,799,0
1776518082.954792769,cpu16,1781816,158,3971,32932,54,0,387,0
1776518082.954792769,cpu17,1783562,33,2367,33074,55,0,208,0
1776518082.954792769,cpu18,1781561,31,4238,32936,56,0,508,0
1776518082.954792769,cpu19,1783056,40,2994,32855,48,0,338,0
1776518083.967660459,cpu0,752944,863,7531,1042376,2474,0,1368,0
1776518083.967660459,cpu1,1105999,529,5027,698149,1615,0,718,0
1776518083.967660459,cpu2,901272,612,5269,907313,2212,0,367,0
1776518083.967660459,cpu3,966412,445,5752,842164,2035,0,530,0
1776518083.967660459,cpu4,943036,485,5816,865657,1914,0,497,0
1776518083.967660459,cpu5,920795,705,6444,886954,1962,0,553,0
1776518083.967660459,cpu6,942734,455,5680,866062,1902,0,450,0
1776518083.967660459,cpu7,923191,454,5867,885516,1945,0,483,0
1776518083.967660459,cpu8,1124563,550,13508,676211,1489,0,1603,0
1776518083.967660459,cpu9,729775,459,17700,1063727,2399,0,2286,0
1776518083.967660459,cpu10,886055,692,13371,912259,3010,0,1424,0
1776518083.967660459,cpu11,972088,632,13463,823498,2539,0,3566,0
1776518083.967660459,cpu12,946582,606,10384,855401,2832,0,1216,0
1776518083.967660459,cpu13,909978,372,8167,894921,2854,0,798,0
1776518083.967660459,cpu14,1081404,458,6788,726084,2065,0,803,0
1776518083.967660459,cpu15,787958,524,7814,1016950,2826,0,799,0
1776518083.967660459,cpu16,1781917,158,3972,32932,54,0,387,0
1776518083.967660459,cpu17,1783663,33,2367,33074,55,0,208,0
1776518083.967660459,cpu18,1781660,31,4240,32936,56,0,508,0
1776518083.967660459,cpu19,1783155,40,2996,32855,48,0,338,0
1776518084.975272131,cpu0,753044,863,7532,1042376,2474,0,1368,0
1776518084.975272131,cpu1,1106099,529,5027,698149,1615,0,718,0
1776518084.975272131,cpu2,901372,612,5270,907313,2212,0,367,0
1776518084.975272131,cpu3,966513,445,5752,842164,2035,0,530,0
1776518084.975272131,cpu4,943137,485,5816,865657,1914,0,497,0
1776518084.975272131,cpu5,920895,705,6444,886954,1962,0,553,0
1776518084.975272131,cpu6,942835,455,5680,866062,1902,0,450,0
1776518084.975272131,cpu7,923291,454,5868,885516,1945,0,483,0
1776518084.975272131,cpu8,1124663,550,13508,676211,1489,0,1603,0
1776518084.975272131,cpu9,729876,459,17700,1063727,2399,0,2286,0
1776518084.975272131,cpu10,886156,692,13371,912259,3010,0,1424,0
1776518084.975272131,cpu11,972189,632,13464,823498,2539,0,3566,0
1776518084.975272131,cpu12,946584,606,10472,855401,2832,0,1226,0
1776518084.975272131,cpu13,909982,372,8236,894922,2854,0,824,0
1776518084.975272131,cpu14,1081505,458,6788,726084,2065,0,803,0
1776518084.975272131,cpu15,788059,524,7815,1016950,2826,0,799,0
1776518084.975272131,cpu16,1782018,158,3972,32932,54,0,387,0
1776518084.975272131,cpu17,1783764,33,2368,33074,55,0,208,0
1776518084.975272131,cpu18,1781760,31,4241,32936,56,0,508,0
1776518084.975272131,cpu19,1783256,40,2997,32855,48,0,338,0
1776518085.986918306,cpu0,753145,863,7532,1042376,2474,0,1368,0
1776518085.986918306,cpu1,1106200,529,5028,698149,1615,0,718,0
1776518085.986918306,cpu2,901472,612,5271,907313,2212,0,367,0
1776518085.986918306,cpu3,966614,445,5752,842164,2035,0,530,0
1776518085.986918306,cpu4,943237,485,5816,865657,1914,0,497,0
1776518085.986918306,cpu5,920995,705,6445,886954,1962,0,553,0
1776518085.986918306,cpu6,942936,455,5680,866062,1902,0,450,0
1776518085.986918306,cpu7,923392,454,5868,885516,1945,0,483,0
1776518085.986918306,cpu8,1124764,550,13509,676211,1489,0,1603,0
1776518085.986918306,cpu9,729977,459,17701,1063727,2399,0,2286,0
1776518085.986918306,cpu10,886257,692,13372,912259,3010,0,1424,0
1776518085.986918306,cpu11,972253,632,13494,823502,2539,0,3569,0
1776518085.986918306,cpu12,946588,606,10540,855403,2832,0,1253,0
1776518085.986918306,cpu13,910022,372,8292,894922,2854,0,829,0
1776518085.986918306,cpu14,1081605,458,6789,726084,2065,0,803,0
1776518085.986918306,cpu15,788159,524,7816,1016950,2826,0,799,0
1776518085.986918306,cpu16,1782118,158,3973,32932,54,0,387,0
1776518085.986918306,cpu17,1783862,33,2371,33074,55,0,208,0
1776518085.986918306,cpu18,1781861,31,4241,32936,56,0,508,0
1776518085.986918306,cpu19,1783356,40,2997,32855,48,0,338,0
1776518086.997104124,cpu0,753241,863,7532,1042380,2475,0,1368,0
1776518086.997104124,cpu1,1106299,529,5028,698151,1615,0,718,0
1776518086.997104124,cpu2,901556,612,5286,907313,2212,0,369,0
1776518086.997104124,cpu3,966715,445,5752,842164,2035,0,530,0
1776518086.997104124,cpu4,943339,485,5816,865657,1914,0,497,0
1776518086.997104124,cpu5,921096,705,6445,886954,1962,0,553,0
1776518086.997104124,cpu6,943037,455,5680,866062,1902,0,450,0
1776518086.997104124,cpu7,923493,455,5868,885516,1945,0,483,0
1776518086.997104124,cpu8,1124865,550,13509,676211,1489,0,1603,0
1776518086.997104124,cpu9,730077,459,17701,1063727,2399,0,2286,0
1776518086.997104124,cpu10,886286,692,13425,912267,3011,0,1432,0
1776518086.997104124,cpu11,972332,632,13512,823502,2539,0,3572,0
1776518086.997104124,cpu12,946611,610,10559,855447,2834,0,1260,0
1776518086.997104124,cpu13,910121,372,8292,894924,2854,0,829,0
1776518086.997104124,cpu14,1081706,458,6789,726084,2065,0,803,0
1776518086.997104124,cpu15,788259,524,7817,1016950,2826,0,799,0
1776518086.997104124,cpu16,1782219,158,3973,32932,54,0,387,0
1776518086.997104124,cpu17,1783962,33,2371,33074,55,0,208,0
1776518086.997104124,cpu18,1781962,31,4241,32936,56,0,508,0
1776518086.997104124,cpu19,1783457,40,2997,32855,48,0,338,0
1776518088.004680481,cpu0,753339,863,7534,1042380,2475,0,1368,0
1776518088.004680481,cpu1,1106399,529,5028,698151,1615,0,718,0
1776518088.004680481,cpu2,901558,612,5375,907313,2212,0,379,0
1776518088.004680481,cpu3,966726,446,5815,842166,2035,0,554,0
1776518088.004680481,cpu4,943438,485,5817,865657,1914,0,497,0
1776518088.004680481,cpu5,921196,705,6446,886954,1962,0,553,0
1776518088.004680481,cpu6,943136,455,5681,866062,1902,0,450,0
1776518088.004680481,cpu7,923594,455,5868,885516,1945,0,483,0
1776518088.004680481,cpu8,1124962,550,13512,676212,1489,0,1603,0
1776518088.004680481,cpu9,730178,459,17701,1063727,2399,0,2286,0
1776518088.004680481,cpu10,886387,692,13425,912267,3011,0,1432,0
1776518088.004680481,cpu11,972433,632,13512,823502,2539,0,3572,0
1776518088.004680481,cpu12,946711,610,10559,855447,2834,0,1260,0
1776518088.004680481,cpu13,910222,372,8292,894924,2854,0,829,0
1776518088.004680481,cpu14,1081805,458,6790,726084,2065,0,803,0
1776518088.004680481,cpu15,788359,524,7817,1016950,2826,0,799,0
1776518088.004680481,cpu16,1782319,158,3973,32932,54,0,387,0
1776518088.004680481,cpu17,1784063,33,2371,33074,55,0,208,0
1776518088.004680481,cpu18,1782063,31,4241,32936,56,0,508,0
1776518088.004680481,cpu19,1783557,40,2998,32855,48,0,338,0
1776518089.013709170,cpu0,753433,864,7539,1042382,2475,0,1368,0
1776518089.013709170,cpu1,1106408,529,5100,698160,1616,0,728,0
1776518089.013709170,cpu2,901566,612,5441,907314,2212,0,403,0
1776518089.013709170,cpu3,966826,446,5815,842166,2035,0,554,0
1776518089.013709170,cpu4,943539,485,5817,865657,1914,0,497,0
1776518089.013709170,cpu5,921297,705,6446,886954,1962,0,553,0
1776518089.013709170,cpu6,943237,455,5681,866062,1902,0,450,0
1776518089.013709170,cpu7,923695,455,5868,885516,1945,0,483,0
1776518089.013709170,cpu8,1125062,550,13512,676212,1489,0,1603,0
1776518089.013709170,cpu9,730279,459,17701,1063727,2399,0,2286,0
1776518089.013709170,cpu10,886488,692,13425,912267,3011,0,1432,0
1776518089.013709170,cpu11,972534,632,13512,823502,2539,0,3572,0
1776518089.013709170,cpu12,946811,610,10560,855447,2834,0,1260,0
1776518089.013709170,cpu13,910323,372,8292,894924,2854,0,829,0
1776518089.013709170,cpu14,1081906,458,6790,726084,2065,0,803,0
1776518089.013709170,cpu15,788460,524,7817,1016950,2826,0,799,0
1776518089.013709170,cpu16,1782420,158,3973,32932,54,0,387,0
1776518089.013709170,cpu17,1784164,33,2371,33074,55,0,208,0
1776518089.013709170,cpu18,1782164,31,4241,32936,56,0,508,0
1776518089.013709170,cpu19,1783658,40,2998,32855,48,0,338,0
1776518090.022697095,cpu0,753435,864,7620,1042382,2475,0,1384,0
1776518090.022697095,cpu1,1106415,530,5171,698161,1616,0,749,0
1776518090.022697095,cpu2,901667,612,5441,907314,2212,0,403,0
1776518090.022697095,cpu3,966927,446,5816,842166,2035,0,554,0
1776518090.022697095,cpu4,943640,485,5818,865657,1914,0,497,0
1776518090.022697095,cpu5,921398,705,6446,886954,1962,0,553,0
1776518090.022697095,cpu6,943338,455,5682,866062,1902,0,450,0
1776518090.022697095,cpu7,923796,455,5868,885516,1945,0,483,0
1776518090.022697095,cpu8,1125163,550,13512,676212,1489,0,1603,0
1776518090.022697095,cpu9,730380,459,17701,1063727,2399,0,2286,0
1776518090.022697095,cpu10,886589,692,13425,912267,3011,0,1432,0
1776518090.022697095,cpu11,972634,632,13513,823502,2539,0,3573,0
1776518090.022697095,cpu12,946912,610,10561,855447,2834,0,1260,0
1776518090.022697095,cpu13,910424,372,8292,894924,2854,0,829,0
1776518090.022697095,cpu14,1082006,458,6791,726084,2065,0,803,0
1776518090.022697095,cpu15,788561,524,7818,1016950,2826,0,799,0
1776518090.022697095,cpu16,1782519,158,3976,32932,54,0,387,0
1776518090.022697095,cpu17,1784265,33,2372,33074,55,0,208,0
1776518090.022697095,cpu18,1782264,31,4242,32936,56,0,508,0
1776518090.022697095,cpu19,1783757,40,3000,32855,48,0,338,0
1776518091.029981201,cpu0,753458,865,7686,1042383,2475,0,1394,0
1776518091.029981201,cpu1,1106428,531,5234,698162,1616,0,771,0
1776518091.029981201,cpu2,901767,612,5442,907314,2212,0,403,0
1776518091.029981201,cpu3,967027,446,5816,842166,2035,0,554,0
1776518091.029981201,cpu4,943740,485,5818,865657,1914,0,497,0
1776518091.029981201,cpu5,921498,705,6447,886954,1962,0,553,0
1776518091.029981201,cpu6,943438,455,5682,866062,1902,0,450,0
1776518091.029981201,cpu7,923896,455,5868,885516,1945,0,483,0
1776518091.029981201,cpu8,1125263,550,13512,676212,1489,0,1603,0
1776518091.029981201,cpu9,730460,460,17702,1063745,2400,0,2286,0
1776518091.029981201,cpu10,886689,692,13425,912267,3011,0,1432,0
1776518091.029981201,cpu11,972733,632,13513,823502,2539,0,3573,0
1776518091.029981201,cpu12,947012,610,10562,855447,2834,0,1260,0
1776518091.029981201,cpu13,910524,372,8292,894924,2854,0,829,0
1776518091.029981201,cpu14,1082107,458,6791,726084,2065,0,803,0
1776518091.029981201,cpu15,788661,524,7818,1016950,2826,0,799,0
1776518091.029981201,cpu16,1782619,158,3976,32932,54,0,387,0
1776518091.029981201,cpu17,1784365,33,2372,33074,55,0,208,0
1776518091.029981201,cpu18,1782365,31,4242,32936,56,0,508,0
1776518091.029981201,cpu19,1783857,40,3000,32855,48,0,338,0
1776518092.041618319,cpu0,753523,865,7714,1042384,2475,0,1402,0
1776518092.041618319,cpu1,1106469,531,5280,698167,1616,0,782,0
1776518092.041618319,cpu2,901868,612,5442,907314,2212,0,403,0
1776518092.041618319,cpu3,967128,446,5816,842166,2035,0,554,0
1776518092.041618319,cpu4,943841,485,5818,865657,1914,0,497,0
1776518092.041618319,cpu5,921599,705,6447,886954,1962,0,553,0
1776518092.041618319,cpu6,943539,455,5682,866062,1902,0,450,0
1776518092.041618319,cpu7,923997,455,5868,885516,1945,0,483,0
1776518092.041618319,cpu8,1125352,550,13518,676218,1489,0,1603,0
1776518092.041618319,cpu9,730503,461,17740,1063753,2401,0,2295,0
1776518092.041618319,cpu10,886790,692,13425,912267,3011,0,1432,0
1776518092.041618319,cpu11,972807,632,13538,823502,2539,0,3576,0
1776518092.041618319,cpu12,947113,610,10562,855447,2834,0,1260,0
1776518092.041618319,cpu13,910624,372,8293,894924,2854,0,829,0
1776518092.041618319,cpu14,1082206,458,6793,726084,2065,0,803,0
1776518092.041618319,cpu15,788762,524,7818,1016950,2826,0,799,0
1776518092.041618319,cpu16,1782720,158,3976,32932,54,0,387,0
1776518092.041618319,cpu17,1784466,33,2372,33074,55,0,208,0
1776518092.041618319,cpu18,1782466,31,4242,32936,56,0,508,0
1776518092.041618319,cpu19,1783957,40,3002,32855,48,0,338,0
